row_id,row_idx,main_name,brand_count,questions_generated,avg_length,elapsed_ms,provider,model,version
v5_row_4,4,경구용 항뇌전증약,0,0,0.0,27729,openai,gpt-4o-mini,v5
v5_row_2,2,경구용 만성 B형간염치료제,0,0,0.0,33751,openai,gpt-4o-mini,v5
v5_row_5,5,경구용 항혈전제,0,0,0.0,38057,openai,gpt-4o-mini,v5
v5_row_3,3,경구용 서방형제제,0,0,0.0,39228,openai,gpt-4o-mini,v5
v5_row_1,1,경구용 뇌대사개선제,0,0,0.0,53985,openai,gpt-4o-mini,v5
v5_row_9,9,골다공증치료제,0,0,0.0,26159,openai,gpt-4o-mini,v5
v5_row_0,0,간장용제,0,0,0.0,79378,openai,gpt-4o-mini,v5
v5_row_7,7,고지혈증치료제,0,0,0.0,51202,openai,gpt-4o-mini,v5
v5_row_10,10,국민건강보험 요양급여의 기준에 관한 규칙 제5조제4항에 의하여 중증환자 중 암환자에게 처방·투여하는 약제로서 건강보험심사평가원장이 정하여 공고하는 약제의 범위 및 비용부담,0,0,0.0,40239,openai,gpt-4o-mini,v5
v5_row_6,6,고가의약품 급여관리에 관한 기준,0,0,0.0,74425,openai,gpt-4o-mini,v5
v5_row_14,14,뇌대사제제 및 뇌순환계용약 주사제,0,0,0.0,28096,openai,gpt-4o-mini,v5
v5_row_12,12,기관지천식 치료용흡입제,0,0,0.0,47096,openai,gpt-4o-mini,v5
v5_row_8,8,고혈압약제,0,0,0.0,92693,openai,gpt-4o-mini,v5
v5_row_11,11,국소지혈제,0,0,0.0,73438,openai,gpt-4o-mini,v5
v5_row_13,13,내용액제,0,0,0.0,59130,openai,gpt-4o-mini,v5
v5_row_15,15,당뇨병용제,0,0,0.0,49170,openai,gpt-4o-mini,v5
v5_row_16,16,동일성분 의약품 중복처방 관리에 관한 기준,0,0,0.0,29044,openai,gpt-4o-mini,v5
v5_row_21,21,비결핵항산균,0,0,0.0,27859,openai,gpt-4o-mini,v5
v5_row_18,18,메르스 코로나바이러스,0,0,0.0,63111,openai,gpt-4o-mini,v5
v5_row_19,19,"병용금기 성분, 특정연령대 금기 성분 및 임부금기 성분",0,0,0.0,69991,openai,gpt-4o-mini,v5
v5_row_23,23,비타민제,0,0,0.0,30611,openai,gpt-4o-mini,v5
v5_row_17,17,마약성 진통제,0,0,0.0,86584,openai,gpt-4o-mini,v5
v5_row_20,20,보조생식술에 사용되는 호르몬 약제,0,0,0.0,75704,openai,gpt-4o-mini,v5
v5_row_24,24,안연고,0,0,0.0,31411,openai,gpt-4o-mini,v5
v5_row_22,22,비용효과적인 함량 의약품 사용,0,0,0.0,75614,openai,gpt-4o-mini,v5
v5_row_26,26,요오드 조영제,0,0,0.0,31117,openai,gpt-4o-mini,v5
v5_row_27,27,주사제의 자가주사 및 장기처방,0,0,0.0,32272,openai,gpt-4o-mini,v5
v5_row_30,30,폐경기증후군에 투여하는 약제,0,0,0.0,25354,openai,gpt-4o-mini,v5
v5_row_25,25,암질환이 아닌 환자에서의 조혈모세포이식 전처치요법,0,0,0.0,45253,openai,gpt-4o-mini,v5
v5_row_32,32,필수경구약제,0,0,0.0,26525,openai,gpt-4o-mini,v5
v5_row_34,34,항생제 및 항원충제,0,0,0.0,17806,openai,gpt-4o-mini,v5
v5_row_33,33,항생제,0,0,0.0,25517,openai,gpt-4o-mini,v5
v5_row_29,29,폐경 후 호르몬요법 인정기준,0,0,0.0,60476,openai,gpt-4o-mini,v5
v5_row_28,28,진해거담제,0,0,0.0,72074,openai,gpt-4o-mini,v5
v5_row_35,35,항진균제,0,0,0.0,24955,openai,gpt-4o-mini,v5
v5_row_36,36,항파킨슨 약제,0,0,0.0,34502,openai,gpt-4o-mini,v5
v5_row_38,38,허가 또는 신고범위 초과 약제 비급여 사용승인에 관한 기준 및 절차,0,0,0.0,33427,openai,gpt-4o-mini,v5
v5_row_31,31,폐동맥고혈압 약제,0,0,0.0,81587,openai,gpt-4o-mini,v5
v5_row_40,40,Probiotics,0,0,0.0,49886,openai,gpt-4o-mini,v5
v5_row_37,37,향정신성약물,0,0,0.0,68853,openai,gpt-4o-mini,v5
v5_row_43,43,Propofol 주사제,1,0,0.0,25178,openai,gpt-4o-mini,v5
v5_row_42,42,Ketamine HCl 주사제,1,0,0.0,28577,openai,gpt-4o-mini,v5
v5_row_39,39,흡입마취에 사용되는 약제,0,0,0.0,62090,openai,gpt-4o-mini,v5
v5_row_41,41,Etomidate 주사제,1,0,0.0,48535,openai,gpt-4o-mini,v5
v5_row_44,44,Midazolam 주사제,1,0,0.0,27288,openai,gpt-4o-mini,v5
v5_row_47,47,Clonazepam 경구제,1,0,0.0,34231,openai,gpt-4o-mini,v5
v5_row_46,46,Carbamazepine 경구제,1,0,0.0,40039,openai,gpt-4o-mini,v5
v5_row_49,49,Lamotrigine 경구제,1,0,0.0,46956,openai,gpt-4o-mini,v5
v5_row_52,52,Rufinamide 경구제,1,0,0.0,25178,openai,gpt-4o-mini,v5
v5_row_45,45,Cannabidiol,1,0,0.0,69349,openai,gpt-4o-mini,v5
v5_row_48,48,Gabapentin 경구제,1,0,0.0,67492,openai,gpt-4o-mini,v5
v5_row_51,51,Primidone 경구제,1,0,0.0,54800,openai,gpt-4o-mini,v5
v5_row_50,50,Levetiracetam 주사제,1,0,0.0,65223,openai,gpt-4o-mini,v5
v5_row_55,55,Tetrabenazine 경구제,1,0,0.0,24411,openai,gpt-4o-mini,v5
v5_row_56,56,자오가·우슬·방풍·두충 ·구척·흑두 건조엑스,1,0,0.0,29509,openai,gpt-4o-mini,v5
v5_row_53,53,Sodium valproate 주사제,1,0,0.0,52499,openai,gpt-4o-mini,v5
v5_row_54,54,Stiripentol 경구제,1,0,0.0,56827,openai,gpt-4o-mini,v5
v5_row_60,60,Etoricoxib 경구제,1,0,0.0,37909,openai,gpt-4o-mini,v5
v5_row_61,61,Loxoprofen sodium 60mg 경구제,1,0,0.0,35482,openai,gpt-4o-mini,v5
v5_row_58,58,Celecoxib + 당귀·목과·방풍·속단· 오가피·우슬·위령선·육계·진교·천궁·천마·홍화 25% ethanol soft ext.,1,0,0.0,51584,openai,gpt-4o-mini,v5
v5_row_57,57,편두통 치료제,0,0,0.0,55691,openai,gpt-4o-mini,v5
v5_row_59,59,Celecoxib 경구제,1,0,0.0,56385,openai,gpt-4o-mini,v5
v5_row_66,66,Methylphenidate HCl 일반형 경구제,1,0,0.0,18536,openai,gpt-4o-mini,v5
v5_row_65,65,Methylphenidate HCl 서방형 경구제,1,0,0.0,30979,openai,gpt-4o-mini,v5
v5_row_62,62,Methotrexate 프리필드시린지 주사제,1,0,0.0,60507,openai,gpt-4o-mini,v5
v5_row_67,67,Agomelatine 경구제,1,0,0.0,43868,openai,gpt-4o-mini,v5
v5_row_63,63,Polmacoxib 경구제,1,0,0.0,56563,openai,gpt-4o-mini,v5
v5_row_64,64,Propacetamol HCl 주사제,1,0,0.0,57294,openai,gpt-4o-mini,v5
v5_row_68,68,Aripiprazole 주사제,1,0,0.0,37340,openai,gpt-4o-mini,v5
v5_row_69,69,Blonanserin 경구제,1,0,0.0,31714,openai,gpt-4o-mini,v5
v5_row_70,70,Bupropion 100mg 경구제,1,0,0.0,34948,openai,gpt-4o-mini,v5
v5_row_73,73,Desvenlafaxine 경구제,1,0,0.0,20879,openai,gpt-4o-mini,v5
v5_row_72,72,Clozapine 경구제,1,0,0.0,32432,openai,gpt-4o-mini,v5
v5_row_71,71,Bupropion HCl 150mg 경구제,1,0,0.0,50113,openai,gpt-4o-mini,v5
v5_row_77,77,Lorazepam 주사제,1,0,0.0,37379,openai,gpt-4o-mini,v5
v5_row_75,75,Fluvoxamine maleate,1,0,0.0,52917,openai,gpt-4o-mini,v5
v5_row_76,76,Levomepromazine maleate 경구제,1,0,0.0,45306,openai,gpt-4o-mini,v5
v5_row_78,78,Paliperidone palmitate 주사제,1,0,0.0,41911,openai,gpt-4o-mini,v5
v5_row_74,74,Duloxetine 경구제,1,0,0.0,80109,openai,gpt-4o-mini,v5
v5_row_79,79,Quetiapine fumarate 경구제,1,0,0.0,45644,openai,gpt-4o-mini,v5
v5_row_82,82,Sulpiride 경구제,1,0,0.0,36565,openai,gpt-4o-mini,v5
v5_row_84,84,Venlafaxine HCl 서방경구제,1,0,0.0,30305,openai,gpt-4o-mini,v5
v5_row_81,81,Sertraline HCl,1,0,0.0,55410,openai,gpt-4o-mini,v5
v5_row_83,83,Tandospirone 경구제,1,0,0.0,47780,openai,gpt-4o-mini,v5
v5_row_85,85,Vortioxetine hydrobromide 경구제,1,0,0.0,38736,openai,gpt-4o-mini,v5
v5_row_87,87,Amantadine 경구제,1,0,0.0,18134,openai,gpt-4o-mini,v5
v5_row_80,80,Risperidone 주사제,1,0,0.0,77791,openai,gpt-4o-mini,v5
v5_row_88,88,Amantadine 주사제,1,0,0.0,24928,openai,gpt-4o-mini,v5
v5_row_89,89,Atomoxetine HCl 경구제,1,0,0.0,35960,openai,gpt-4o-mini,v5
v5_row_86,86,Alemtuzumab 주사제,1,0,0.0,75440,openai,gpt-4o-mini,v5
v5_row_90,90,Cladribine 경구제,1,0,0.0,67281,openai,gpt-4o-mini,v5
v5_row_92,92,Dimethyl fumarate 경구제,1,0,0.0,67250,openai,gpt-4o-mini,v5
v5_row_91,91,Clonidine hydrochloride 경구제,1,0,0.0,77952,openai,gpt-4o-mini,v5
v5_row_93,93,Donepezil 경구제,1,0,0.0,70823,openai,gpt-4o-mini,v5
v5_row_95,95,Fremanezumab 주사제,1,0,0.0,39411,openai,gpt-4o-mini,v5
v5_row_96,96,Galantamine 경구제,1,0,0.0,25894,openai,gpt-4o-mini,v5
v5_row_94,94,Fingolimod HCl 경구제,1,0,0.0,78851,openai,gpt-4o-mini,v5
v5_row_100,100,Modafinil 200mg 경구제,1,0,0.0,23884,openai,gpt-4o-mini,v5
v5_row_103,103,Pregabalin 서방형 경구제,1,0,0.0,22635,openai,gpt-4o-mini,v5
v5_row_97,97,Galcanezumab 주사제,2,0,0.0,79117,openai,gpt-4o-mini,v5
v5_row_98,98,Glatiramer acetate 주사제,2,0,0.0,80933,openai,gpt-4o-mini,v5
v5_row_101,101,Nusinersen sodium 주사제,1,0,0.0,77207,openai,gpt-4o-mini,v5
v5_row_99,99,Memantine 경구제,1,0,0.0,91812,openai,gpt-4o-mini,v5
v5_row_104,104,Pregabalin 일반형 경구제,1,0,0.0,43923,openai,gpt-4o-mini,v5
v5_row_106,106,Rivastigmine 제제,1,0,0.0,33821,openai,gpt-4o-mini,v5
v5_row_102,102,Pitolisant hydrochloride 경구제,1,0,0.0,90254,openai,gpt-4o-mini,v5
v5_row_108,108,Teriflunomide 경구제,1,0,0.0,42480,openai,gpt-4o-mini,v5
v5_row_109,109,Levobupivacaine HCl 25mg 주사제,1,0,0.0,51995,openai,gpt-4o-mini,v5
v5_row_110,110,Lidocaine HCl 주사제,1,0,0.0,39274,openai,gpt-4o-mini,v5
v5_row_107,107,Satralizumab 주사제,1,0,0.0,68942,openai,gpt-4o-mini,v5
v5_row_105,105,Risdiplam 경구제,1,0,0.0,85225,openai,gpt-4o-mini,v5
v5_row_111,111,Atracurium besylate 주사제,1,0,0.0,52172,openai,gpt-4o-mini,v5
v5_row_113,113,Eperisone hydrochloride 경구제,1,0,0.0,48485,openai,gpt-4o-mini,v5
v5_row_114,114,Bethanechol chloride 경구제,1,0,0.0,44796,openai,gpt-4o-mini,v5
v5_row_115,115,Glycopyrrolate 주사제,1,0,0.0,41991,openai,gpt-4o-mini,v5
v5_row_117,117,Hyoscine butylbromide 주사제,1,0,0.0,33618,openai,gpt-4o-mini,v5
v5_row_116,116,Oxybutynin 경구제,1,0,0.0,64578,openai,gpt-4o-mini,v5
v5_row_119,119,Bilberry fruit dried ext. 경구제,1,0,0.0,27433,openai,gpt-4o-mini,v5
v5_row_112,112,baclofen 주사제,2,0,0.0,91693,openai,gpt-4o-mini,v5
v5_row_122,122,Dexamethasone 700㎍ 이식제,1,0,0.0,31123,openai,gpt-4o-mini,v5
v5_row_121,121,Cyclosporin 0.1% 외용제,1,0,0.0,52725,openai,gpt-4o-mini,v5
v5_row_124,124,Omidenepag isopropyl 외용제,1,0,0.0,29314,openai,gpt-4o-mini,v5
v5_row_120,120,Cyclosporin 0.05% 외용제,1,0,0.0,60723,openai,gpt-4o-mini,v5
v5_row_118,118,Tafamidis meglumine 경구제,1,0,0.0,73604,openai,gpt-4o-mini,v5
v5_row_123,123,Natamycin 외용제,1,0,0.0,46234,openai,gpt-4o-mini,v5
v5_row_127,127,Tafluprost 외용제,1,0,0.0,36551,openai,gpt-4o-mini,v5
v5_row_125,125,Rebamipide 0.1g/5ml 외용제,1,0,0.0,48169,openai,gpt-4o-mini,v5
v5_row_131,131,Voretigene neparvovec 주사제,1,0,0.0,23789,openai,gpt-4o-mini,v5
v5_row_129,129,Triamcinolone acetonide 주사제,1,0,0.0,56119,openai,gpt-4o-mini,v5
v5_row_128,128,Tosufloxacin tosylate 외용제,1,0,0.0,71634,openai,gpt-4o-mini,v5
v5_row_126,126,Sodium hyaluronate 18mg/10ml 외용제,1,0,0.0,87724,openai,gpt-4o-mini,v5
v5_row_132,132,Ciprofloxacin HCl + Dexamethasone 외용제,1,0,0.0,41667,openai,gpt-4o-mini,v5
v5_row_134,134,Micronized ciclesonide 외용제,1,0,0.0,25825,openai,gpt-4o-mini,v5
v5_row_133,133,Fluticasone furoate 외용제,1,0,0.0,37147,openai,gpt-4o-mini,v5
v5_row_137,137,Piprinhydrinate 제제,1,0,0.0,22085,openai,gpt-4o-mini,v5
v5_row_130,130,Verteporfin 주사제,1,0,0.0,97530,openai,gpt-4o-mini,v5
v5_row_136,136,Desloratadine 경구제,1,0,0.0,28256,openai,gpt-4o-mini,v5
v5_row_135,135,olopatadine + mometasone furoate 외용제,1,0,0.0,49658,openai,gpt-4o-mini,v5
v5_row_138,138,Rupatadine 경구제,1,0,0.0,30471,openai,gpt-4o-mini,v5
v5_row_142,142,Belimumab 주사제,1,0,0.0,26319,openai,gpt-4o-mini,v5
v5_row_141,141,Basiliximab 주사제,1,0,0.0,33803,openai,gpt-4o-mini,v5
v5_row_140,140,Baricitinib 경구제,1,0,0.0,57746,openai,gpt-4o-mini,v5
v5_row_146,146,Dimethyl fumarate 경구제,1,0,0.0,29134,openai,gpt-4o-mini,v5
v5_row_139,139,Abrocitinib 경구제,1,0,0.0,84396,openai,gpt-4o-mini,v5
v5_row_143,143,Cyclosporine 경구제,1,0,0.0,62287,openai,gpt-4o-mini,v5
v5_row_144,144,Cyclosporine 주사제,1,0,0.0,65124,openai,gpt-4o-mini,v5
v5_row_145,145,Deucravacitinib 경구제,1,0,0.0,72149,openai,gpt-4o-mini,v5
v5_row_149,149,Filgotinib 경구제,1,0,0.0,46895,openai,gpt-4o-mini,v5
v5_row_147,147,Dupilumab 주사제,1,0,0.0,71290,openai,gpt-4o-mini,v5
v5_row_148,148,Everolimus 경구제,1,0,0.0,71807,openai,gpt-4o-mini,v5
v5_row_152,152,Ixekizumab 주사제,1,0,0.0,40771,openai,gpt-4o-mini,v5
v5_row_150,150,Golimumab 주사제,1,0,0.0,65853,openai,gpt-4o-mini,v5
v5_row_153,153,Leflunomide 경구제,1,0,0.0,28783,openai,gpt-4o-mini,v5
v5_row_151,151,Guselkumab 주사제,1,0,0.0,66900,openai,gpt-4o-mini,v5
v5_row_154,154,Mycophenolate mofetil 경구제,1,0,0.0,27173,openai,gpt-4o-mini,v5
v5_row_159,159,Secukinumab 주사제,1,0,0.0,30125,openai,gpt-4o-mini,v5
v5_row_155,155,Mycophenolate sodium 경구제,1,0,0.0,59463,openai,gpt-4o-mini,v5
v5_row_156,156,Ozanimod 경구제,1,0,0.0,61451,openai,gpt-4o-mini,v5
v5_row_157,157,Rabbit anti-human thymocyte immunoglobulin 주사제,1,0,0.0,63319,openai,gpt-4o-mini,v5
v5_row_158,158,Risankizumab 주사제,1,0,0.0,63849,openai,gpt-4o-mini,v5
v5_row_161,161,Tacrolimus 제제,2,0,0.0,36427,openai,gpt-4o-mini,v5
v5_row_160,160,Sirolimus 경구제,1,0,0.0,62137,openai,gpt-4o-mini,v5
v5_row_162,162,Tocilizumab 주사제,1,0,0.0,40952,openai,gpt-4o-mini,v5
v5_row_167,167,Epinastine 경구제,1,0,0.0,30280,openai,gpt-4o-mini,v5
v5_row_163,163,Tofacitinib 경구제,1,0,0.0,48489,openai,gpt-4o-mini,v5
v5_row_166,166,Ustekinumab 주사제,1,0,0.0,67390,openai,gpt-4o-mini,v5
v5_row_164,164,Tralokinumab 주사제,1,0,0.0,76961,openai,gpt-4o-mini,v5
v5_row_168,168,Leukotriene 조절제 Montelukast 경구제,1,0,0.0,47715,openai,gpt-4o-mini,v5
v5_row_165,165,Upadacitinib 경구제,1,0,0.0,76120,openai,gpt-4o-mini,v5
v5_row_170,170,Pemirolast potassium 시럽제,1,0,0.0,35869,openai,gpt-4o-mini,v5
v5_row_169,169,Omalizumab 주사제,1,0,0.0,49129,openai,gpt-4o-mini,v5
v5_row_173,173,Arotinolol HCl 경구제,1,0,0.0,24575,openai,gpt-4o-mini,v5
v5_row_171,171,Caffeine and sodium benzoate 주사제,1,0,0.0,39703,openai,gpt-4o-mini,v5
v5_row_172,172,Ubidecarenone 경구제,1,0,0.0,51751,openai,gpt-4o-mini,v5
v5_row_176,176,Pilsicainide HCl 경구제,1,0,0.0,39845,openai,gpt-4o-mini,v5
v5_row_177,177,Propranolol HCl 경구제,1,0,0.0,34338,openai,gpt-4o-mini,v5
v5_row_174,174,Dronedarone 경구제,1,0,0.0,57692,openai,gpt-4o-mini,v5
v5_row_178,178,Ambrisentan 경구제,1,0,0.0,33947,openai,gpt-4o-mini,v5
v5_row_175,175,Esmolol HCl 주사제,1,0,0.0,74271,openai,gpt-4o-mini,v5
v5_row_179,179,Azilsartan medoxomil potassium 경구제,1,0,0.0,33659,openai,gpt-4o-mini,v5
v5_row_182,182,Fimasartan potassium 경구제,1,0,0.0,27281,openai,gpt-4o-mini,v5
v5_row_181,181,Doxazosin 경구제,1,0,0.0,36535,openai,gpt-4o-mini,v5
v5_row_183,183,Iloprost 흡입액,1,0,0.0,37121,openai,gpt-4o-mini,v5
v5_row_186,186,Selexipag 경구제,1,0,0.0,31926,openai,gpt-4o-mini,v5
v5_row_185,185,Phenoxybenzamine 경구제,1,0,0.0,41912,openai,gpt-4o-mini,v5
v5_row_180,180,Bosentan hydrate 경구제,1,0,0.0,77474,openai,gpt-4o-mini,v5
v5_row_188,188,"Treprostinil 1mg/mL, 2.5mg/mL, 5mg/mL 주사제",1,0,0.0,34600,openai,gpt-4o-mini,v5
v5_row_184,184,Macitentan 경구제,1,0,0.0,67015,openai,gpt-4o-mini,v5
v5_row_189,189,Zofenopril calcium 경구제,1,0,0.0,40146,openai,gpt-4o-mini,v5
v5_row_190,190,Efonidipine 경구제,1,0,0.0,35280,openai,gpt-4o-mini,v5
v5_row_192,192,Nifedipine 경구제,1,0,0.0,19711,openai,gpt-4o-mini,v5
v5_row_187,187,Sildenafil 경구제,1,0,0.0,76909,openai,gpt-4o-mini,v5
v5_row_191,191,Nicorandil 주사제,1,0,0.0,45944,openai,gpt-4o-mini,v5
v5_row_196,196,Verapamil HCl 주사제,1,0,0.0,37263,openai,gpt-4o-mini,v5
v5_row_193,193,Nimodipine 경구제,1,0,0.0,54649,openai,gpt-4o-mini,v5
v5_row_195,195,Trimetazidine 경구제,1,0,0.0,39477,openai,gpt-4o-mini,v5
v5_row_194,194,Nitroglycerin 주사제,1,0,0.0,69897,openai,gpt-4o-mini,v5
v5_row_197,197,Alirocumab 주사제,1,0,0.0,66630,openai,gpt-4o-mini,v5
v5_row_198,198,Clopidogrel 경구제,1,0,0.0,69229,openai,gpt-4o-mini,v5
v5_row_201,201,Ezetimibe 경구제,1,0,0.0,46491,openai,gpt-4o-mini,v5
v5_row_199,199,Clopidogrel + Aspirin 복합경구제,1,0,0.0,67376,openai,gpt-4o-mini,v5
v5_row_200,200,Evolocumab 주사제,1,0,0.0,72546,openai,gpt-4o-mini,v5
v5_row_202,202,Ezetimibe+Atorvastatin 복합경구제,1,0,0.0,43365,openai,gpt-4o-mini,v5
v5_row_203,203,Ezetimibe+Fenofibrate 복합경구제,1,0,0.0,36076,openai,gpt-4o-mini,v5
v5_row_206,206,Omega-3-acid ethyl esters 90 + atorvastatin 복합경구제,1,0,0.0,13852,openai,gpt-4o-mini,v5
v5_row_205,205,Omega-3-acid ethyl esters 90 경구제,1,0,0.0,32960,openai,gpt-4o-mini,v5
v5_row_208,208,고혈압치료제 + 고지혈증치료제 복합경구제,0,0,0.0,22452,openai,gpt-4o-mini,v5
v5_row_204,204,Lovastatin 경구제,1,0,0.0,50851,openai,gpt-4o-mini,v5
v5_row_211,211,Alprostadil 주사제,1,0,0.0,26375,openai,gpt-4o-mini,v5
v5_row_213,213,Alteplase 주사제,1,0,0.0,26315,openai,gpt-4o-mini,v5
v5_row_207,207,Omega-3-acid ethyl esters 90 + Rosuvastatin 복합경구제,1,0,0.0,60592,openai,gpt-4o-mini,v5
v5_row_209,209,Abciximab 주사제,1,0,0.0,65892,openai,gpt-4o-mini,v5
v5_row_210,210,Adenosine 주사제,1,0,0.0,64170,openai,gpt-4o-mini,v5
v5_row_215,215,Aspirin 경구제,1,0,0.0,26915,openai,gpt-4o-mini,v5
v5_row_214,214,Argatroban 주사제,1,0,0.0,48389,openai,gpt-4o-mini,v5
v5_row_212,212,Alprostadil a-cyclodextrin 주사제,1,0,0.0,62799,openai,gpt-4o-mini,v5
v5_row_216,216,Aspirin 25mg + Dipyridamole 200mg 경구제,1,0,0.0,41233,openai,gpt-4o-mini,v5
v5_row_217,217,Citicoline 경구제,1,0,0.0,35416,openai,gpt-4o-mini,v5
v5_row_219,219,Dobesilate calcium 경구제,1,0,0.0,37262,openai,gpt-4o-mini,v5
v5_row_218,218,Citicoline 주사제,1,0,0.0,53450,openai,gpt-4o-mini,v5
v5_row_221,221,Finerenone 경구제,1,0,0.0,57525,openai,gpt-4o-mini,v5
v5_row_223,223,Icatibant 주사제,1,0,0.0,47327,openai,gpt-4o-mini,v5
v5_row_220,220,Ferric citrate 경구제,1,0,0.0,69986,openai,gpt-4o-mini,v5
v5_row_222,222,Ginkgo biloba extract 경구제,1,0,0.0,63627,openai,gpt-4o-mini,v5
v5_row_224,224,Ivabradine 경구제,1,0,0.0,57579,openai,gpt-4o-mini,v5
v5_row_225,225,Kallidinogenase 경구제,1,0,0.0,49090,openai,gpt-4o-mini,v5
v5_row_226,226,Lanthanum carbonate 경구제,1,0,0.0,36340,openai,gpt-4o-mini,v5
v5_row_227,227,Limaprost a-cyclodextrin 경구제,1,0,0.0,35714,openai,gpt-4o-mini,v5
v5_row_230,230,"Nicergoline 5mg, 10mg 경구제",1,0,0.0,29799,openai,gpt-4o-mini,v5
v5_row_231,231,Pentoxifylline 경구제,1,0,0.0,28271,openai,gpt-4o-mini,v5
v5_row_229,229,Milrinone 주사제,1,0,0.0,41239,openai,gpt-4o-mini,v5
v5_row_228,228,L-Carnitine,2,0,0.0,64393,openai,gpt-4o-mini,v5
v5_row_235,235,Sucroferric oxyhydroxide 경구제,1,0,0.0,17690,openai,gpt-4o-mini,v5
v5_row_232,232,Sacubitril·Valsartan 경구제,1,0,0.0,51805,openai,gpt-4o-mini,v5
v5_row_236,236,Tenecteplase 주사제,1,0,0.0,29974,openai,gpt-4o-mini,v5
v5_row_233,233,"Sevelamer HCl 400mg, 800mg 경구제",1,0,0.0,55148,openai,gpt-4o-mini,v5
v5_row_234,234,Sodium ozagrel 주사제,1,0,0.0,42109,openai,gpt-4o-mini,v5
v5_row_237,237,Tirofiban HCl,1,0,0.0,54485,openai,gpt-4o-mini,v5
v5_row_241,241,Fluticasone propionate + Formoterol 흡입제,1,0,0.0,35642,openai,gpt-4o-mini,v5
v5_row_240,240,vitis vinifera ext. 경구제,1,0,0.0,41700,openai,gpt-4o-mini,v5
v5_row_238,238,Tolvaptan 경구제,1,0,0.0,65024,openai,gpt-4o-mini,v5
v5_row_239,239,Vericiguat 경구제,1,0,0.0,56438,openai,gpt-4o-mini,v5
v5_row_243,243,Caffeine citrate 주사제,1,0,0.0,22820,openai,gpt-4o-mini,v5
v5_row_244,244,Acetylcysteine 주사제,1,0,0.0,25407,openai,gpt-4o-mini,v5
v5_row_242,242,Vilanterol trifenatate + Fluticasone furoate 흡입제,1,0,0.0,63072,openai,gpt-4o-mini,v5
v5_row_245,245,Acetylcysteine 흡입액,1,0,0.0,30336,openai,gpt-4o-mini,v5
v5_row_246,246,Ambroxol HCl 주사제,1,0,0.0,25695,openai,gpt-4o-mini,v5
v5_row_248,248,Ciclesonide 외용제,1,0,0.0,38070,openai,gpt-4o-mini,v5
v5_row_247,247,Beclomethasone dipropionate + Formoterol 흡입제,2,0,0.0,45675,openai,gpt-4o-mini,v5
v5_row_249,249,Fluticasone furoate 흡입제,1,0,0.0,31871,openai,gpt-4o-mini,v5
v5_row_251,251,Ivy leaf 30% ethanol dried ext. 시럽제,1,0,0.0,35255,openai,gpt-4o-mini,v5
v5_row_252,252,Salbutamol 경구제,1,0,0.0,36992,openai,gpt-4o-mini,v5
v5_row_250,250,Formoterol fumarate +,1,0,0.0,60931,openai,gpt-4o-mini,v5
v5_row_253,253,Salbutamol sulfate 흡입액,1,0,0.0,35809,openai,gpt-4o-mini,v5
v5_row_254,254,Salmeterol xinafoate + Fluticasone propionate 흡입제,1,0,0.0,62653,openai,gpt-4o-mini,v5
v5_row_255,255,만성폐쇄성폐질환 흡입용 치료제,0,0,0.0,63315,openai,gpt-4o-mini,v5
v5_row_259,259,Indacaterol acetate +Mometasone furoate 흡입제,2,0,0.0,30572,openai,gpt-4o-mini,v5
v5_row_258,258,Indacaterol acetate+ Glycopyrronium bromide+ Mometasone furoate 흡입제,3,0,0.0,36305,openai,gpt-4o-mini,v5
v5_row_257,257,Benralizumab 주사제,1,0,0.0,61344,openai,gpt-4o-mini,v5
v5_row_256,256,Beclometasone dipropionate + Formoterol fumarate + Glycopyrronium bromide흡입제,3,0,0.0,70535,openai,gpt-4o-mini,v5
v5_row_262,262,Pirfenidone 경구제,1,0,0.0,26823,openai,gpt-4o-mini,v5
v5_row_263,263,Reslizumab 주사제,1,0,0.0,25103,openai,gpt-4o-mini,v5
v5_row_260,260,Lung surfactant,1,0,0.0,47535,openai,gpt-4o-mini,v5
v5_row_265,265,Salmeterol xinafoate micronized + budesonide 흡입제,2,0,0.0,43004,openai,gpt-4o-mini,v5
v5_row_261,261,mepolizumab 주사제,1,0,0.0,64376,openai,gpt-4o-mini,v5
v5_row_264,264,Roflumilast 경구제,1,0,0.0,53098,openai,gpt-4o-mini,v5
v5_row_267,267,Tiotropium 흡입제,1,0,0.0,44771,openai,gpt-4o-mini,v5
v5_row_266,266,Sivelestat sodium hydrate 주사제,1,0,0.0,55949,openai,gpt-4o-mini,v5
v5_row_270,270,Doxycycline hyclate 20mg 경구제,1,0,0.0,27380,openai,gpt-4o-mini,v5
v5_row_269,269,가글 용제,1,0,0.0,33389,openai,gpt-4o-mini,v5
v5_row_272,272,프로톤 펌프 억제 주사제 Pantoprazole sodium,1,0,0.0,27311,openai,gpt-4o-mini,v5
v5_row_268,268,Vilanterol trifenatate + Fluticasone furoate + Umeclidinium 흡입제,1,0,0.0,62118,openai,gpt-4o-mini,v5
v5_row_273,273,Artemisia asiatica 95% ethanol ext. 경구제,1,0,0.0,30558,openai,gpt-4o-mini,v5
v5_row_271,271,프로톤 펌프 억제 경구제 Omeprazole,1,0,0.0,52231,openai,gpt-4o-mini,v5
v5_row_275,275,Fexuprazan 경구제,1,0,0.0,30056,openai,gpt-4o-mini,v5
v5_row_276,276,H2 수용체 길항 주사제,1,0,0.0,33098,openai,gpt-4o-mini,v5
v5_row_279,279,Lafutidine 경구제,1,0,0.0,21094,openai,gpt-4o-mini,v5
v5_row_274,274,Bismuth 경구제,1,0,0.0,50977,openai,gpt-4o-mini,v5
v5_row_278,278,Irsogladine maleate 경구제,1,0,0.0,31501,openai,gpt-4o-mini,v5
v5_row_277,277,Ilaprazole 경구제,1,0,0.0,39930,openai,gpt-4o-mini,v5
v5_row_280,280,Polaprezinc 경구제,1,0,0.0,35673,openai,gpt-4o-mini,v5
v5_row_284,284,Sulglycotide 경구제,1,0,0.0,28730,openai,gpt-4o-mini,v5
v5_row_281,281,Roxatidine acetate HCl 경구제,1,0,0.0,41161,openai,gpt-4o-mini,v5
v5_row_285,285,Tegoprazan 경구제,1,0,0.0,31253,openai,gpt-4o-mini,v5
v5_row_282,282,S-pantoprazole 경구제,1,0,0.0,41685,openai,gpt-4o-mini,v5
v5_row_283,283,Sodium alginate 경구제,1,0,0.0,39044,openai,gpt-4o-mini,v5
v5_row_290,290,Beclomethasone dipropionate 경구제,1,0,0.0,15022,openai,gpt-4o-mini,v5
v5_row_286,286,항구토제,0,0,0.0,44828,openai,gpt-4o-mini,v5
v5_row_288,288,Prucalopride succinate 경구제,1,0,0.0,32070,openai,gpt-4o-mini,v5
v5_row_291,291,Calcium polycarbophil 경구제,1,0,0.0,28261,openai,gpt-4o-mini,v5
v5_row_289,289,"Sodium docusate, D-sorbitol 복합 제제",1,0,0.0,39571,openai,gpt-4o-mini,v5
v5_row_292,292,Dexpanthenol 주사제,1,0,0.0,23954,openai,gpt-4o-mini,v5
v5_row_287,287,Pyridoxine Hydrochloride + Doxylamine Succinate 복합경구제,1,0,0.0,46249,openai,gpt-4o-mini,v5
v5_row_295,295,Migalastat 경구제,1,0,0.0,25215,openai,gpt-4o-mini,v5
v5_row_293,293,E.Coli strain Nissle 1917 동결건조물 14mg 경구제,1,0,0.0,38707,openai,gpt-4o-mini,v5
v5_row_296,296,"Ramosetron HCl 2.5㎍, 5㎍ 경구제",1,0,0.0,31703,openai,gpt-4o-mini,v5
v5_row_294,294,Mesalazine 제제,1,0,0.0,42395,openai,gpt-4o-mini,v5
v5_row_297,297,Somatostatin acetate 주사제,1,0,0.0,36699,openai,gpt-4o-mini,v5
v5_row_298,298,Desmopressin acetate 경구제,1,0,0.0,53209,openai,gpt-4o-mini,v5
v5_row_300,300,Somatrogon 주사제,1,0,0.0,32013,openai,gpt-4o-mini,v5
v5_row_301,301,Somatropin 서방형 주사제,1,0,0.0,25859,openai,gpt-4o-mini,v5
v5_row_299,299,Desmopressin acetate 주사제,1,0,0.0,45865,openai,gpt-4o-mini,v5
v5_row_302,302,Somatropin 주사제,1,0,0.0,30535,openai,gpt-4o-mini,v5
v5_row_304,304,Vasopressin 20U 주사제,1,0,0.0,21685,openai,gpt-4o-mini,v5
v5_row_303,303,Terlipressin acetate 주사제,1,0,0.0,47556,openai,gpt-4o-mini,v5
v5_row_308,308,Oxymetholone 경구제,1,0,0.0,22726,openai,gpt-4o-mini,v5
v5_row_309,309,스테로이드 주사제,1,0,0.0,22161,openai,gpt-4o-mini,v5
v5_row_307,307,Thyrotropin 주사제,1,0,0.0,40176,openai,gpt-4o-mini,v5
v5_row_305,305,Teriparatide acetate 주사제,1,0,0.0,49161,openai,gpt-4o-mini,v5
v5_row_306,306,Teriparatide 주사제,1,0,0.0,47806,openai,gpt-4o-mini,v5
v5_row_311,311,Deflazacort 경구제,1,0,0.0,25730,openai,gpt-4o-mini,v5
v5_row_310,310,Budesonide,1,0,0.0,33440,openai,gpt-4o-mini,v5
v5_row_314,314,Methylprednisolone sodium succinate 주사제,1,0,0.0,31425,openai,gpt-4o-mini,v5
v5_row_316,316,Danazol 경구제,1,0,0.0,25682,openai,gpt-4o-mini,v5
v5_row_313,313,Epinephrine 제제,1,0,0.0,40372,openai,gpt-4o-mini,v5
v5_row_315,315,Triamcinolone acetonide 주사제,1,0,0.0,45470,openai,gpt-4o-mini,v5
v5_row_317,317,Dienogest 경구제,1,0,0.0,38407,openai,gpt-4o-mini,v5
v5_row_321,321,Medroxyprogesterone acetate 경구제,1,0,0.0,27144,openai,gpt-4o-mini,v5
v5_row_312,312,Epinephrine bitartrate 주사제,1,0,0.0,79238,openai,gpt-4o-mini,v5
v5_row_318,318,Estradiol hemihydrate 경구제,1,0,0.0,42877,openai,gpt-4o-mini,v5
v5_row_322,322,난포자극호르몬,0,0,0.0,26998,openai,gpt-4o-mini,v5
v5_row_319,319,Estradiol valerate 경구제,1,0,0.0,51504,openai,gpt-4o-mini,v5
v5_row_320,320,Levonorgestrol 제제,1,0,0.0,48477,openai,gpt-4o-mini,v5
v5_row_325,325,Darbepoetin alpha 주사제,1,0,0.0,29614,openai,gpt-4o-mini,v5
v5_row_324,324,Clomiphene citrate 경구제,1,0,0.0,32034,openai,gpt-4o-mini,v5
v5_row_326,326,Erythropoietin 주사제,1,0,0.0,35499,openai,gpt-4o-mini,v5
v5_row_323,323,태반성성선자극호르몬,1,0,0.0,50612,openai,gpt-4o-mini,v5
v5_row_328,328,GnRH antagonist 주사제,0,0,0.0,43347,openai,gpt-4o-mini,v5
v5_row_329,329,Long-acting octreotide 주사제,1,0,0.0,27086,openai,gpt-4o-mini,v5
v5_row_327,327,Follitropin-a + lutropin a,1,0,0.0,61482,openai,gpt-4o-mini,v5
v5_row_332,332,Methoxy polyethylene glycol-epoetin β 주사제,1,0,0.0,30872,openai,gpt-4o-mini,v5
v5_row_333,333,Octreotide 주사제,1,0,0.0,30379,openai,gpt-4o-mini,v5
v5_row_330,330,Lutropin alpha,0,0,0.0,62849,openai,gpt-4o-mini,v5
v5_row_336,336,Methylergonovine maleate 주사제,1,0,0.0,30949,openai,gpt-4o-mini,v5
v5_row_331,331,Menotrophin 주사제,1,0,0.0,85516,openai,gpt-4o-mini,v5
v5_row_338,338,Alfuzosin 경구제,1,0,0.0,31029,openai,gpt-4o-mini,v5
v5_row_334,334,Pasireotide pamoate 주사제,1,0,0.0,69598,openai,gpt-4o-mini,v5
v5_row_337,337,5알파 환원효소 억제제 경구제,0,0,0.0,54742,openai,gpt-4o-mini,v5
v5_row_335,335,Pegvisomant 주사제,1,0,0.0,77800,openai,gpt-4o-mini,v5
v5_row_341,341,Fesoterodine fumarate 경구제,1,0,0.0,25614,openai,gpt-4o-mini,v5
v5_row_339,339,Atosiban 주사제,1,0,0.0,50521,openai,gpt-4o-mini,v5
v5_row_342,342,Mirabegron 경구제,1,0,0.0,38545,openai,gpt-4o-mini,v5
v5_row_343,343,Naftopidil 경구제,1,0,0.0,36128,openai,gpt-4o-mini,v5
v5_row_340,340,"dutasteride 0.5mg, tamsulosin hydrochloride 0.4mg 복합경구제",1,0,0.0,59160,openai,gpt-4o-mini,v5
v5_row_345,345,"Potassium citrate, Citric acid 경구제",1,0,0.0,37364,openai,gpt-4o-mini,v5
v5_row_344,344,Potassium citrate 경구제,1,0,0.0,39504,openai,gpt-4o-mini,v5
v5_row_346,346,Silodosin 경구제,1,0,0.0,32641,openai,gpt-4o-mini,v5
v5_row_347,347,Solifenacin 경구제,1,0,0.0,35660,openai,gpt-4o-mini,v5
v5_row_349,349,Terazosin HCl 경구제,1,0,0.0,23989,openai,gpt-4o-mini,v5
v5_row_350,350,Tolterodine 경구제,1,0,0.0,23582,openai,gpt-4o-mini,v5
v5_row_348,348,Tamsulosin HCl 경구제,1,0,0.0,38559,openai,gpt-4o-mini,v5
v5_row_351,351,Povidone iodine 외용제,1,0,0.0,28818,openai,gpt-4o-mini,v5
v5_row_352,352,Mafenide acetate 외용제,1,0,0.0,41752,openai,gpt-4o-mini,v5
v5_row_355,355,코르티코스테로이드 피부 도포제,0,0,0.0,29652,openai,gpt-4o-mini,v5
v5_row_356,356,Ammonium lactate 외용제,1,0,0.0,30190,openai,gpt-4o-mini,v5
v5_row_353,353,Recombinant human epidermal growth factor 500mcg,1,0,0.0,46360,openai,gpt-4o-mini,v5
v5_row_357,357,Buprenorphine 패취제,1,0,0.0,45082,openai,gpt-4o-mini,v5
v5_row_354,354,진통·진양·수렴·소염 외용제,0,0,0.0,62095,openai,gpt-4o-mini,v5
v5_row_358,358,Capsaicin 외용제,1,0,0.0,47040,openai,gpt-4o-mini,v5
v5_row_360,360,Fluconazole 외용제,1,0,0.0,37965,openai,gpt-4o-mini,v5
v5_row_361,361,Imiquimod 12.5mg 외용제,1,0,0.0,37399,openai,gpt-4o-mini,v5
v5_row_359,359,Lidocaine 패취제,1,0,0.0,44197,openai,gpt-4o-mini,v5
v5_row_362,362,Calcipotriol 외용제,1,0,0.0,25663,openai,gpt-4o-mini,v5
v5_row_363,363,Penciclovir 외용제,1,0,0.0,29024,openai,gpt-4o-mini,v5
v5_row_365,365,Tacalcitol 20.87mcg/g 외용제,1,0,0.0,30734,openai,gpt-4o-mini,v5
v5_row_364,364,Pimecrolimus 외용제,1,0,0.0,34869,openai,gpt-4o-mini,v5
v5_row_367,367,Calcitriol 경구제,1,0,0.0,34600,openai,gpt-4o-mini,v5
v5_row_366,366,Tacrolimus 외용제,1,0,0.0,50903,openai,gpt-4o-mini,v5
v5_row_369,369,Paricalcitol 주사제,1,0,0.0,36199,openai,gpt-4o-mini,v5
v5_row_368,368,Calcitriol 주사제,1,0,0.0,60167,openai,gpt-4o-mini,v5
v5_row_370,370,수용성비타민·엽산 복합성분 경구제,1,0,0.0,37500,openai,gpt-4o-mini,v5
v5_row_374,374,경장영양제,1,0,0.0,32141,openai,gpt-4o-mini,v5
v5_row_375,375,단백아미노산 제제,0,0,0.0,29297,openai,gpt-4o-mini,v5
v5_row_371,371,액제형 철분제제,1,0,0.0,62169,openai,gpt-4o-mini,v5
v5_row_376,376,A액,1,0,0.0,32962,openai,gpt-4o-mini,v5
v5_row_372,372,철분주사제,1,0,0.0,68749,openai,gpt-4o-mini,v5
v5_row_377,377,Glycyl-L-glutamine 주사제,1,0,0.0,29477,openai,gpt-4o-mini,v5
v5_row_373,373,Iron acetyl-transferrin 200mg 경구제,1,0,0.0,70078,openai,gpt-4o-mini,v5
v5_row_378,378,"L-leucine, L-phenylalanine, L-methionine 등 주사제",1,0,0.0,39310,openai,gpt-4o-mini,v5
v5_row_380,380,a-Keto-DL-isoleuci ne calcium 67.0mg외 9종 경구제,1,0,0.0,36375,openai,gpt-4o-mini,v5
v5_row_382,382,Eptacog alfa 주사제,1,0,0.0,33647,openai,gpt-4o-mini,v5
v5_row_385,385,Oxidized regenerated cellulose,1,0,0.0,25598,openai,gpt-4o-mini,v5
v5_row_383,383,Gelatin sponge 외용제,1,0,0.0,45630,openai,gpt-4o-mini,v5
v5_row_381,381,Lipid 주사제,1,0,0.0,62307,openai,gpt-4o-mini,v5
v5_row_379,379,N,1,0,0.0,72530,openai,gpt-4o-mini,v5
v5_row_386,386,P-aminomethyl benzoic acid 주사제,1,0,0.0,45646,openai,gpt-4o-mini,v5
v5_row_388,388,Tranexamic acid 경구제,1,0,0.0,33227,openai,gpt-4o-mini,v5
v5_row_390,390,Dabigatran 경구제,1,0,0.0,32096,openai,gpt-4o-mini,v5
v5_row_387,387,Thrombin 제제,0,0,0.0,38209,openai,gpt-4o-mini,v5
v5_row_391,391,Dalteparin sodium 주사제,1,0,0.0,25809,openai,gpt-4o-mini,v5
v5_row_384,384,Idarucizumab 주사제,1,0,0.0,87256,openai,gpt-4o-mini,v5
v5_row_394,394,Enoxaparin sodium 주사제,1,0,0.0,30038,openai,gpt-4o-mini,v5
v5_row_389,389,Apixaban 경구제,1,0,0.0,72155,openai,gpt-4o-mini,v5
v5_row_396,396,Heparin 주사제,0,0,0.0,19421,openai,gpt-4o-mini,v5
v5_row_395,395,Fondaparinux sodium 주사제,1,0,0.0,40417,openai,gpt-4o-mini,v5
v5_row_393,393,Edoxaban Tosilate Hydrate 경구제,1,0,0.0,60746,openai,gpt-4o-mini,v5
v5_row_399,399,Cilostazol 경구제,1,0,0.0,24630,openai,gpt-4o-mini,v5
v5_row_397,397,Nadroparin 주사제,1,0,0.0,33286,openai,gpt-4o-mini,v5
v5_row_392,392,Defibrotide 주사제,1,0,0.0,64559,openai,gpt-4o-mini,v5
v5_row_398,398,Rivaroxaban 경구제,1,0,0.0,29802,openai,gpt-4o-mini,v5
v5_row_401,401,Eltrombopag olamine 경구제,1,0,0.0,42267,openai,gpt-4o-mini,v5
v5_row_402,402,Emicizumab 주사제,1,0,0.0,60125,openai,gpt-4o-mini,v5
v5_row_400,400,Damoctocog alfa pegol 주사제,1,0,0.0,66541,openai,gpt-4o-mini,v5
v5_row_405,405,Pentastarch 제제,1,0,0.0,56313,openai,gpt-4o-mini,v5
v5_row_403,403,G-CSF 주사제 filgrastim,1,0,0.0,65810,openai,gpt-4o-mini,v5
v5_row_407,407,Recombinant blood coagulation factor VIII 주사제,1,0,0.0,31207,openai,gpt-4o-mini,v5
v5_row_410,410,"Recombinant blood coagulation factor IX, albumun fusion protein Albutrepenonacog a 주사제",1,0,0.0,26786,openai,gpt-4o-mini,v5
v5_row_409,409,Recombinant blood coagulation factor IX 주사제,1,0,0.0,32623,openai,gpt-4o-mini,v5
v5_row_406,406,Plerixafor 주사제,1,0,0.0,65934,openai,gpt-4o-mini,v5
v5_row_408,408,Recombinant blood coagulation factor VIII-Fc fusion protein Efmoroctocog a 주사제,1,0,0.0,54281,openai,gpt-4o-mini,v5
v5_row_411,411,Recombinant blood coagulation factor IX-Fc fusion protein Eftrenonacog a 주사제,1,0,0.0,31578,openai,gpt-4o-mini,v5
v5_row_413,413,Romiplostim 주사제,1,0,0.0,34424,openai,gpt-4o-mini,v5
v5_row_412,412,Recombinant blood coagulation factor IX Nonacog gamma 주사제,1,0,0.0,39916,openai,gpt-4o-mini,v5
v5_row_416,416,복막투석액,0,0,0.0,35878,openai,gpt-4o-mini,v5
v5_row_417,417,L-methionine 외 복막투석액,1,0,0.0,33001,openai,gpt-4o-mini,v5
v5_row_418,418,Calcium chloride 외,1,0,0.0,45253,openai,gpt-4o-mini,v5
v5_row_414,414,Susoctocog alfa 주사제,1,0,0.0,75076,openai,gpt-4o-mini,v5
v5_row_415,415,Ticlopidine HCl 경구제,1,0,0.0,68638,openai,gpt-4o-mini,v5
v5_row_420,420,Lamivudine 100mg 경구제,1,0,0.0,24748,openai,gpt-4o-mini,v5
v5_row_404,404,Hydroxyethyl starch 함유 제제,1,0,0.0,186738,openai,gpt-4o-mini,v5
v5_row_419,419,D-mannitol + D-sorbitol,1,0,0.0,55146,openai,gpt-4o-mini,v5
v5_row_421,421,구형흡착탄 경구제,1,0,0.0,38226,openai,gpt-4o-mini,v5
v5_row_424,424,Flumazenil 주사제,1,0,0.0,35839,openai,gpt-4o-mini,v5
v5_row_423,423,Deferasirox 경구제,1,0,0.0,38764,openai,gpt-4o-mini,v5
v5_row_425,425,Leucovorin calcium 주사제,1,0,0.0,48708,openai,gpt-4o-mini,v5
v5_row_427,427,Zinc acetate 경구제,1,0,0.0,23625,openai,gpt-4o-mini,v5
v5_row_428,428,Colchicine 경구제,1,0,0.0,22229,openai,gpt-4o-mini,v5
v5_row_426,426,Sodium thiosulfate 주사제,1,0,0.0,36664,openai,gpt-4o-mini,v5
v5_row_429,429,Agalsidase alfa 3.5mg 주사제,1,0,0.0,35853,openai,gpt-4o-mini,v5
v5_row_422,422,Betaine anhydrous 180g 경구제,1,0,0.0,91306,openai,gpt-4o-mini,v5
v5_row_432,432,Asfotase alfa 주사제,2,0,0.0,31931,openai,gpt-4o-mini,v5
v5_row_431,431,Alglucosidase alfa 주사제,1,0,0.0,38503,openai,gpt-4o-mini,v5
v5_row_430,430,Agalsidase β 37mg 주사제,1,0,0.0,45237,openai,gpt-4o-mini,v5
v5_row_434,434,Galsulfase 주사제,1,0,0.0,34935,openai,gpt-4o-mini,v5
v5_row_435,435,Idursulfase 주사제,1,0,0.0,22343,openai,gpt-4o-mini,v5
v5_row_436,436,Rasburicase 주사제,1,0,0.0,21515,openai,gpt-4o-mini,v5
v5_row_433,433,Elosulfase alfa 5mg 주사제,1,0,0.0,60743,openai,gpt-4o-mini,v5
v5_row_437,437,당뇨병용제 + 고지혈증 복합경구제,0,0,0.0,48292,openai,gpt-4o-mini,v5
v5_row_440,440,Metformin 경구제,1,0,0.0,47684,openai,gpt-4o-mini,v5
v5_row_438,438,Dapagliflozin 경구제,1,0,0.0,62438,openai,gpt-4o-mini,v5
v5_row_442,442,4:1 w/w mixed hydrogel of sodium hyaluronate gel crosslinked by divinyl sulfone and sodium hyaluronate 주사제,1,0,0.0,39101,openai,gpt-4o-mini,v5
v5_row_439,439,Empagliflozin 경구제,1,0,0.0,59455,openai,gpt-4o-mini,v5
v5_row_443,443,Avocado soya unsaponifiables 경구제,1,0,0.0,31365,openai,gpt-4o-mini,v5
v5_row_444,444,BDDE bridged sodium hyaluronate 60mg 주사제,1,0,0.0,24672,openai,gpt-4o-mini,v5
v5_row_447,447,Cabergoline 경구제,1,0,0.0,29273,openai,gpt-4o-mini,v5
v5_row_441,441,Pioglitazone 경구제,1,0,0.0,85169,openai,gpt-4o-mini,v5
v5_row_445,445,Bromocryptine mesylate 경구제,1,0,0.0,39294,openai,gpt-4o-mini,v5
v5_row_446,446,Burosumab 주사제,1,0,0.0,42926,openai,gpt-4o-mini,v5
v5_row_449,449,Cinacalcet HCl 경구제,1,0,0.0,37426,openai,gpt-4o-mini,v5
v5_row_452,452,Eliglustat tartrate 경구제,1,0,0.0,30501,openai,gpt-4o-mini,v5
v5_row_454,454,Miglustat 경구제,1,0,0.0,17069,openai,gpt-4o-mini,v5
v5_row_448,448,Carglumic acid 경구제,1,0,0.0,64579,openai,gpt-4o-mini,v5
v5_row_451,451,Disodium etidronate 경구제,1,0,0.0,43840,openai,gpt-4o-mini,v5
v5_row_453,453,Lactulose 경구제,1,0,0.0,54294,openai,gpt-4o-mini,v5
v5_row_450,450,Denosumab 주사제,1,0,0.0,72333,openai,gpt-4o-mini,v5
v5_row_456,456,Nitisinone 경구제,1,0,0.0,37401,openai,gpt-4o-mini,v5
v5_row_458,458,proteolytic peptide from porcine brain 주사제,1,0,0.0,34695,openai,gpt-4o-mini,v5
v5_row_455,455,Nafamostat 주사제,1,0,0.0,57759,openai,gpt-4o-mini,v5
v5_row_457,457,Pamidronate 제제,1,0,0.0,60932,openai,gpt-4o-mini,v5
v5_row_460,460,S-adenosyl-L-met hionine sulfate-P-toluene sulfonate 경구제,1,0,0.0,31784,openai,gpt-4o-mini,v5
v5_row_462,462,Sodium hyaluronate 20mg 주사제,1,0,0.0,28287,openai,gpt-4o-mini,v5
v5_row_461,461,Sodium alendronate 시럽제,1,0,0.0,39521,openai,gpt-4o-mini,v5
v5_row_459,459,Romosozumab 주사제,1,0,0.0,66664,openai,gpt-4o-mini,v5
v5_row_466,466,a-lipoic acid,0,0,0.0,30139,openai,gpt-4o-mini,v5
v5_row_463,463,Sodium hyaluronate 25mg 주사제,1,0,0.0,67212,openai,gpt-4o-mini,v5
v5_row_464,464,Thioctic acid 주사제,1,0,0.0,57023,openai,gpt-4o-mini,v5
v5_row_468,468,5-fluorouracil 주사제,1,0,0.0,31766,openai,gpt-4o-mini,v5
v5_row_469,469,6-Mercaptopurine 경구제,1,0,0.0,28452,openai,gpt-4o-mini,v5
v5_row_465,465,Zoledronic acid 5mg/100ml 주사제,2,0,0.0,61915,openai,gpt-4o-mini,v5
v5_row_467,467,상황균사체엑스 경구제,1,0,0.0,53655,openai,gpt-4o-mini,v5
v5_row_472,472,GnRH agonist 주사제,0,0,0.0,31613,openai,gpt-4o-mini,v5
v5_row_471,471,Etoposide 제제,0,0,0.0,47797,openai,gpt-4o-mini,v5
v5_row_475,475,letrozole 경구제,1,0,0.0,41467,openai,gpt-4o-mini,v5
v5_row_470,470,Cyclophosphamide 제제,0,0,0.0,73027,openai,gpt-4o-mini,v5
v5_row_474,474,Interferon α-2b 주사제,1,0,0.0,66137,openai,gpt-4o-mini,v5
v5_row_476,476,Megestrol acetate,1,0,0.0,37322,openai,gpt-4o-mini,v5
v5_row_477,477,Methotrexate 제제,0,0,0.0,33293,openai,gpt-4o-mini,v5
v5_row_473,473,Interferon α-2a 주사제,1,0,0.0,82357,openai,gpt-4o-mini,v5
v5_row_479,479,Rituximab 주사제,1,0,0.0,27880,openai,gpt-4o-mini,v5
v5_row_478,478,Mitoxantrone HCl 주사제,1,0,0.0,54900,openai,gpt-4o-mini,v5
v5_row_481,481,Tamoxifen 경구제,1,0,0.0,40910,openai,gpt-4o-mini,v5
v5_row_483,483,Anagrelide acetate,1,0,0.0,26449,openai,gpt-4o-mini,v5
v5_row_480,480,Ruxolitinib phosphate 경구제,1,0,0.0,54498,openai,gpt-4o-mini,v5
v5_row_482,482,Vincristin sulfate 주사제,1,0,0.0,51250,openai,gpt-4o-mini,v5
v5_row_484,484,Selumetinib 경구제,1,0,0.0,39787,openai,gpt-4o-mini,v5
v5_row_485,485,Thymomodulin 경구제,1,0,0.0,36022,openai,gpt-4o-mini,v5
v5_row_487,487,"3,3-Diphosphono-1, 2-Propane Dicarboxylate",1,0,0.0,28550,openai,gpt-4o-mini,v5
v5_row_486,486,에프도파18F,1,0,0.0,40847,openai,gpt-4o-mini,v5
v5_row_488,488,Chromium,1,0,0.0,32609,openai,gpt-4o-mini,v5
v5_row_489,489,Exametazime 주사제,1,0,0.0,34217,openai,gpt-4o-mini,v5
v5_row_490,490,Indium chloride,1,0,0.0,41712,openai,gpt-4o-mini,v5
v5_row_493,493,동종피부유래 각질세포,1,0,0.0,33264,openai,gpt-4o-mini,v5
v5_row_492,492,Thallium-201 주사제,1,0,0.0,57804,openai,gpt-4o-mini,v5
v5_row_491,491,Strontium chloride,1,0,0.0,70489,openai,gpt-4o-mini,v5
v5_row_497,497,Abatacept 주사제,1,0,0.0,40538,openai,gpt-4o-mini,v5
v5_row_494,494,사람유래 피부각질세포,1,0,0.0,72739,openai,gpt-4o-mini,v5
v5_row_496,496,자가 지방유래 중간엽줄기세포,1,0,0.0,60237,openai,gpt-4o-mini,v5
v5_row_495,495,자가유래연골세포,1,0,0.0,82757,openai,gpt-4o-mini,v5
v5_row_500,500,Anakinra,1,0,0.0,40807,openai,gpt-4o-mini,v5
v5_row_498,498,Adalimumab 주사제,1,0,0.0,78234,openai,gpt-4o-mini,v5
v5_row_499,499,Aflibercept 주사제,1,0,0.0,76138,openai,gpt-4o-mini,v5
v5_row_501,501,Brolucizumab 주사제,1,0,0.0,65376,openai,gpt-4o-mini,v5
v5_row_503,503,Faricimab 주사제,1,0,0.0,55406,openai,gpt-4o-mini,v5
v5_row_502,502,Etanercept 주사제,1,0,0.0,65811,openai,gpt-4o-mini,v5
v5_row_505,505,Onasemnogene abeparvovec 주사제,1,0,0.0,29474,openai,gpt-4o-mini,v5
v5_row_504,504,Infliximab 제제,1,0,0.0,41295,openai,gpt-4o-mini,v5
v5_row_507,507,Vedolizumab 주사제,1,0,0.0,27998,openai,gpt-4o-mini,v5
v5_row_509,509,Daptomycin 주사제,1,0,0.0,36849,openai,gpt-4o-mini,v5
v5_row_510,510,Linezolid 경구제,1,0,0.0,36898,openai,gpt-4o-mini,v5
v5_row_511,511,Tedizolid 경구제,1,0,0.0,42199,openai,gpt-4o-mini,v5
v5_row_512,512,Teicoplanin 주사제,1,0,0.0,35792,openai,gpt-4o-mini,v5
v5_row_508,508,Benzathine penicillin G 주사제,1,0,0.0,58254,openai,gpt-4o-mini,v5
v5_row_506,506,Ranibizumab 주사제,1,0,0.0,77221,openai,gpt-4o-mini,v5
v5_row_515,515,Aztreonam 주사제,1,0,0.0,39171,openai,gpt-4o-mini,v5
v5_row_517,517,Kanamycin sulfate 주사제,1,0,0.0,36031,openai,gpt-4o-mini,v5
v5_row_514,514,Amikacin sulfate 주사제,1,0,0.0,52936,openai,gpt-4o-mini,v5
v5_row_516,516,Colistimethate 주사제,1,0,0.0,50282,openai,gpt-4o-mini,v5
v5_row_513,513,Vancomycin 주사제,1,0,0.0,79771,openai,gpt-4o-mini,v5
v5_row_518,518,Rifabutin 경구제,1,0,0.0,71535,openai,gpt-4o-mini,v5
v5_row_519,519,Rifampicin 경구제,1,0,0.0,52859,openai,gpt-4o-mini,v5
v5_row_520,520,Azithromycin 경구제,1,0,0.0,50549,openai,gpt-4o-mini,v5
v5_row_521,521,Erythromycin 경구제,1,0,0.0,57687,openai,gpt-4o-mini,v5
v5_row_522,522,Roxithromycin 경구제,1,0,0.0,50066,openai,gpt-4o-mini,v5
v5_row_525,525,Bleomycin HCl 주사제,1,0,0.0,32282,openai,gpt-4o-mini,v5
v5_row_523,523,"Doxycycline 50, 100mg 제제",1,0,0.0,67159,openai,gpt-4o-mini,v5
v5_row_527,527,Mitomycin-C 주사제,0,0,0.0,40018,openai,gpt-4o-mini,v5
v5_row_529,529,Cefazolin sod. 주사제,1,0,0.0,31267,openai,gpt-4o-mini,v5
v5_row_528,528,Amoxicillin + Clavulanate 경구제,1,0,0.0,49143,openai,gpt-4o-mini,v5
v5_row_524,524,Pentamidine isethionate 주사제,1,0,0.0,74523,openai,gpt-4o-mini,v5
v5_row_526,526,Mitomycin-C 점안액,0,0,0.0,63701,openai,gpt-4o-mini,v5
v5_row_530,530,Ceftazidime 주사제,1,0,0.0,39496,openai,gpt-4o-mini,v5
v5_row_531,531,Ceftazidime + Avibactam 주사제,1,0,0.0,45093,openai,gpt-4o-mini,v5
v5_row_532,532,Ceftolozane + Tazobactam 주사제,1,0,0.0,44949,openai,gpt-4o-mini,v5
v5_row_534,534,Gentamicin sulfate 주사제,0,0,0.0,43114,openai,gpt-4o-mini,v5
v5_row_533,533,Ertapenem 주사제,1,0,0.0,56427,openai,gpt-4o-mini,v5
v5_row_536,536,Rifaximin 경구제,1,0,0.0,45305,openai,gpt-4o-mini,v5
v5_row_537,537,Tigecycline 주사제,1,0,0.0,40706,openai,gpt-4o-mini,v5
v5_row_538,538,Clarithromycin 경구제,1,0,0.0,33267,openai,gpt-4o-mini,v5
v5_row_535,535,Imipenem + Cilastatin 제제,1,0,0.0,86688,openai,gpt-4o-mini,v5
v5_row_539,539,Sulfadiazine 단일성분 경구제,1,0,0.0,63892,openai,gpt-4o-mini,v5
v5_row_540,540,"Sulfamethoxazole 400mg, Trimethoprim 80mg 경구제",1,0,0.0,57954,openai,gpt-4o-mini,v5
v5_row_541,541,Sulfasalazine 경구제,1,0,0.0,67128,openai,gpt-4o-mini,v5
v5_row_545,545,Dapsone 경구제,1,0,0.0,26536,openai,gpt-4o-mini,v5
v5_row_542,542,Bedaquiline fumarate 경구제,1,0,0.0,71247,openai,gpt-4o-mini,v5
v5_row_543,543,Delamanid 경구제,1,0,0.0,84421,openai,gpt-4o-mini,v5
v5_row_544,544,Pretomanid 경구제,1,0,0.0,83704,openai,gpt-4o-mini,v5
v5_row_546,546,에이즈치료제,0,0,0.0,57122,openai,gpt-4o-mini,v5
v5_row_549,549,Ciprofloxacin 경구제,1,0,0.0,32811,openai,gpt-4o-mini,v5
v5_row_550,550,Darunavir ethanolate 433.64mg 경구제,1,0,0.0,34573,openai,gpt-4o-mini,v5
v5_row_548,548,Balofloxacin 100mg,1,0,0.0,65280,openai,gpt-4o-mini,v5
v5_row_547,547,Acyclovir 제제,1,0,0.0,70430,openai,gpt-4o-mini,v5
v5_row_553,553,Elbasvir + Grazoprevir 경구제,1,0,0.0,32612,openai,gpt-4o-mini,v5
v5_row_551,551,Darunavir ethanolate 650.46mg 경구제,1,0,0.0,40230,openai,gpt-4o-mini,v5
v5_row_552,552,Darunavir ethanolate + Cobicistat silicon dioxide 복합제,1,0,0.0,48797,openai,gpt-4o-mini,v5
v5_row_554,554,Etravirine 경구제,1,0,0.0,40037,openai,gpt-4o-mini,v5
v5_row_557,557,Gemifloxacin mesylate 경구제,1,0,0.0,38796,openai,gpt-4o-mini,v5
v5_row_560,560,Letermovir 경구제,1,0,0.0,30266,openai,gpt-4o-mini,v5
v5_row_555,555,Famciclovir 250mg 경구제,1,0,0.0,66126,openai,gpt-4o-mini,v5
v5_row_561,561,Levofloxacin 경구제,1,0,0.0,21378,openai,gpt-4o-mini,v5
v5_row_556,556,Ganciclovir 주사제,1,0,0.0,68596,openai,gpt-4o-mini,v5
v5_row_558,558,Glecaprevir + Pibrentasvir 경구제,1,0,0.0,61453,openai,gpt-4o-mini,v5
v5_row_559,559,Ledipasvir + Sofosbuvir 경구제,1,0,0.0,79448,openai,gpt-4o-mini,v5
v5_row_563,563,Lomefloxacin 경구제,1,0,0.0,43081,openai,gpt-4o-mini,v5
v5_row_562,562,Levofloxacin 주사제,1,0,0.0,53212,openai,gpt-4o-mini,v5
v5_row_566,566,Nelfinavir mesylate 경구제,1,0,0.0,45353,openai,gpt-4o-mini,v5
v5_row_565,565,Moxifloxacin 경구제,1,0,0.0,54173,openai,gpt-4o-mini,v5
v5_row_564,564,Maribavir 경구제,1,0,0.0,73229,openai,gpt-4o-mini,v5
v5_row_571,571,Sofosbuvir 경구제,1,0,0.0,36075,openai,gpt-4o-mini,v5
v5_row_567,567,Ofloxacin 제제,1,0,0.0,59539,openai,gpt-4o-mini,v5
v5_row_572,572,Sofosbuvir + Velpatasvir 경구제,1,0,0.0,28603,openai,gpt-4o-mini,v5
v5_row_570,570,Raltegravir potassium 경구제,1,0,0.0,64256,openai,gpt-4o-mini,v5
v5_row_569,569,Palivizumab 주사제,1,0,0.0,68146,openai,gpt-4o-mini,v5
v5_row_568,568,Oseltamivir 경구제,1,0,0.0,83102,openai,gpt-4o-mini,v5
v5_row_573,573,Sofosbuvir + Velpatasvir + Voxilaprevir 경구제,1,0,0.0,33479,openai,gpt-4o-mini,v5
v5_row_575,575,Tenofovir disoproxil + Emtricitabine 경구제,1,0,0.0,24670,openai,gpt-4o-mini,v5
v5_row_574,574,Tenofovir disoproxil 경구제,1,0,0.0,51697,openai,gpt-4o-mini,v5
v5_row_576,576,Tosufloxacin 경구제,1,0,0.0,40493,openai,gpt-4o-mini,v5
v5_row_579,579,Zabofloxacin 경구제,1,0,0.0,38150,openai,gpt-4o-mini,v5
v5_row_578,578,Valganciclovir 경구제,1,0,0.0,42086,openai,gpt-4o-mini,v5
v5_row_577,577,Valacyclovir HCl 경구제,1,0,0.0,48937,openai,gpt-4o-mini,v5
v5_row_582,582,Clostridium botulinum A toxin haemagglutinin complex 주사제,1,0,0.0,39417,openai,gpt-4o-mini,v5
v5_row_584,584,Antivenin agkistrodon halys,1,0,0.0,38841,openai,gpt-4o-mini,v5
v5_row_581,581,"Free-dried rabies vaccine produced on VERO cell line, Inactivated and purified≥2.5I.U",1,0,0.0,80124,openai,gpt-4o-mini,v5
v5_row_586,586,Anti-inhibitor coagulant complex 주사제,1,0,0.0,28819,openai,gpt-4o-mini,v5
v5_row_580,580,Zanamivir 외용제,1,0,0.0,104688,openai,gpt-4o-mini,v5
v5_row_585,585,Albumin 주사제,0,0,0.0,65238,openai,gpt-4o-mini,v5
v5_row_583,583,Clostridium botulinum A toxin 주사제,1,0,0.0,73410,openai,gpt-4o-mini,v5
v5_row_592,592,Human coagulation factor X 주사제,0,0,0.0,27234,openai,gpt-4o-mini,v5
v5_row_591,591,Human blood coagulation factor VIII 주사제,1,0,0.0,39728,openai,gpt-4o-mini,v5
v5_row_590,590,"Human blood coagulation factor 250I.U, 500I.U, 1,000I.U",1,0,0.0,41097,openai,gpt-4o-mini,v5
v5_row_589,589,"Human blood coagulation factor VIII 250I.U, 500I.U 주사제",1,0,0.0,49302,openai,gpt-4o-mini,v5
v5_row_587,587,"Antithrombin III, human 주사제",1,0,0.0,71058,openai,gpt-4o-mini,v5
v5_row_588,588,Human anti-hepatitis B immunoglobulin 정주용 주사제,1,0,0.0,78914,openai,gpt-4o-mini,v5
v5_row_594,594,Human plasma fraction with a factor XIII,1,0,0.0,35480,openai,gpt-4o-mini,v5
v5_row_595,595,IgM 고함유 사람면역글로불린 주사제,1,0,0.0,37348,openai,gpt-4o-mini,v5
v5_row_593,593,Human immunoglobulin G 주사제,1,0,0.0,49126,openai,gpt-4o-mini,v5
v5_row_597,597,"Immunoglobulin G, Human cytomegalovirus 주사제",1,0,0.0,68376,openai,gpt-4o-mini,v5
v5_row_601,601,Eculizumab 주사제,1,0,0.0,36949,openai,gpt-4o-mini,v5
v5_row_596,596,Immunoglobulin anti-D,1,0,0.0,77312,openai,gpt-4o-mini,v5
v5_row_600,600,Rabies human immunoglobulin 300 I.U 주사제,1,0,0.0,51641,openai,gpt-4o-mini,v5
v5_row_598,598,Protein C Concentrate Lyophilized Powder,1,0,0.0,62067,openai,gpt-4o-mini,v5
v5_row_599,599,Tuberculin purified protein derivative,2,0,0.0,74187,openai,gpt-4o-mini,v5
v5_row_604,604,Interferon-r 주사제,1,0,0.0,48825,openai,gpt-4o-mini,v5
v5_row_607,607,Ravulizumab 주사제,1,0,0.0,31321,openai,gpt-4o-mini,v5
v5_row_602,602,Interferon β-1a 주사제,1,0,0.0,73322,openai,gpt-4o-mini,v5
v5_row_603,603,Interferon β-1b,1,0,0.0,78992,openai,gpt-4o-mini,v5
v5_row_606,606,Peginterferon alfa-2a 주사제,1,0,0.0,65118,openai,gpt-4o-mini,v5
v5_row_605,605,Natalizumab 주사제,1,0,0.0,73699,openai,gpt-4o-mini,v5
v5_row_608,608,"Atovaquone 250mg, Proguanil HCl 100mg 경구제",1,0,0.0,43347,openai,gpt-4o-mini,v5
v5_row_609,609,Metronidazole 주사제,1,0,0.0,32328,openai,gpt-4o-mini,v5
v5_row_613,613,Barium sulfate 제제,1,0,0.0,33434,openai,gpt-4o-mini,v5
v5_row_612,612,Pyronaridine + Artesunate 복합경구제,1,0,0.0,46725,openai,gpt-4o-mini,v5
v5_row_611,611,Pyrimethamine + Sulfadoxine 복합경구제,1,0,0.0,51808,openai,gpt-4o-mini,v5
v5_row_614,614,Ethyl esters of the iodised fatty acids of poppyseed oil 주사제,1,0,0.0,42000,openai,gpt-4o-mini,v5
v5_row_615,615,PEG3350외,1,0,0.0,43904,openai,gpt-4o-mini,v5
v5_row_610,610,Pyrimethamine,1,0,0.0,77603,openai,gpt-4o-mini,v5
v5_row_616,616,Corticorelin trifluoroacetate,1,0,0.0,57656,openai,gpt-4o-mini,v5
v5_row_618,618,Somatorelin acetate,1,0,0.0,46696,openai,gpt-4o-mini,v5
v5_row_620,620,Alfentanil HCl 주사제,1,0,0.0,37911,openai,gpt-4o-mini,v5
v5_row_617,617,Perfluorobutane 주사제,1,0,0.0,58465,openai,gpt-4o-mini,v5
v5_row_619,619,"Paracetamol 250mg, Ibuprofen 200mg, Codeine phosphate 10mg 복합 제제",1,0,0.0,60135,openai,gpt-4o-mini,v5
v5_row_624,624,Sufentanil citrate 주사제,1,0,0.0,24895,openai,gpt-4o-mini,v5
v5_row_623,623,Remifentanil 주사제,1,0,0.0,31019,openai,gpt-4o-mini,v5
v5_row_621,621,Fentanyl citrate 주사제,1,0,0.0,73891,openai,gpt-4o-mini,v5
v5_row_625,625,같은 날에 2가지 이상 기준처방 동시 투약시 인정여부,0,0,0.0,36051,openai,gpt-4o-mini,v5
v5_row_627,627,처방별 적응증,0,0,0.0,21500,openai,gpt-4o-mini,v5
v5_row_626,626,급여 한약제의 제형 변형에 따른 인정 범주,0,0,0.0,29844,openai,gpt-4o-mini,v5
v5_row_622,622,Oxycodone HCl 주사제,1,0,0.0,49809,openai,gpt-4o-mini,v5
v5_row_631,631,구미강활탕,0,0,0.0,18622,openai,gpt-4o-mini,v5
v5_row_629,629,갈근탕,0,0,0.0,27173,openai,gpt-4o-mini,v5
v5_row_630,630,갈근해기탕,0,0,0.0,27511,openai,gpt-4o-mini,v5
v5_row_632,632,궁소산,0,0,0.0,27018,openai,gpt-4o-mini,v5
v5_row_633,633,궁하탕,0,0,0.0,31851,openai,gpt-4o-mini,v5
v5_row_628,628,가미소요산,0,0,0.0,54684,openai,gpt-4o-mini,v5
v5_row_634,634,내소산,0,0,0.0,31574,openai,gpt-4o-mini,v5
v5_row_635,635,당귀연교음,0,0,0.0,49450,openai,gpt-4o-mini,v5
v5_row_639,639,대화중음,0,0,0.0,34590,openai,gpt-4o-mini,v5
v5_row_640,640,대황목단 피탕,0,0,0.0,25308,openai,gpt-4o-mini,v5
v5_row_638,638,대청룡탕,0,0,0.0,46319,openai,gpt-4o-mini,v5
v5_row_637,637,대시호탕,0,0,0.0,61979,openai,gpt-4o-mini,v5
v5_row_642,642,반하백출 천마탕,0,0,0.0,25212,openai,gpt-4o-mini,v5
v5_row_641,641,도인승기탕,0,0,0.0,40116,openai,gpt-4o-mini,v5
v5_row_636,636,당귀육황탕,0,0,0.0,89134,openai,gpt-4o-mini,v5
v5_row_643,643,반하사심탕,0,0,0.0,44352,openai,gpt-4o-mini,v5
v5_row_646,646,보중익기탕,0,0,0.0,23182,openai,gpt-4o-mini,v5
v5_row_644,644,반하후박탕,0,0,0.0,46613,openai,gpt-4o-mini,v5
v5_row_647,647,보허탕,0,0,0.0,21688,openai,gpt-4o-mini,v5
v5_row_648,648,복령보심탕,0,0,0.0,25738,openai,gpt-4o-mini,v5
v5_row_645,645,백출탕,0,0,0.0,52926,openai,gpt-4o-mini,v5
v5_row_649,649,불환금 정기산,0,0,0.0,27728,openai,gpt-4o-mini,v5
v5_row_650,650,삼소음,0,0,0.0,26496,openai,gpt-4o-mini,v5
v5_row_651,651,삼출건비탕,0,0,0.0,39467,openai,gpt-4o-mini,v5
v5_row_654,654,생맥산,0,0,0.0,32672,openai,gpt-4o-mini,v5
v5_row_652,652,삼호작약탕,0,0,0.0,48471,openai,gpt-4o-mini,v5
v5_row_653,653,삼황사심탕,0,0,0.0,46534,openai,gpt-4o-mini,v5
v5_row_657,657,승양보위탕,0,0,0.0,37473,openai,gpt-4o-mini,v5
v5_row_656,656,소청룡탕,0,0,0.0,56819,openai,gpt-4o-mini,v5
v5_row_658,658,시경반하탕,0,0,0.0,32552,openai,gpt-4o-mini,v5
v5_row_660,660,시호소간탕,0,0,0.0,23115,openai,gpt-4o-mini,v5
v5_row_659,659,시호계지탕,0,0,0.0,32732,openai,gpt-4o-mini,v5
v5_row_662,662,안태음,0,0,0.0,14099,openai,gpt-4o-mini,v5
v5_row_663,663,연교패독산,0,0,0.0,20510,openai,gpt-4o-mini,v5
v5_row_655,655,소시호탕,0,0,0.0,82711,openai,gpt-4o-mini,v5
v5_row_664,664,오림산,0,0,0.0,24604,openai,gpt-4o-mini,v5
v5_row_661,661,시호청간탕,0,0,0.0,38825,openai,gpt-4o-mini,v5
v5_row_667,667,이진탕,0,0,0.0,21821,openai,gpt-4o-mini,v5
v5_row_666,666,이중탕,0,0,0.0,31164,openai,gpt-4o-mini,v5
v5_row_669,669,인삼패독산,0,0,0.0,30131,openai,gpt-4o-mini,v5
v5_row_670,670,인진호탕,0,0,0.0,20364,openai,gpt-4o-mini,v5
v5_row_668,668,익위승양탕,0,0,0.0,44473,openai,gpt-4o-mini,v5
v5_row_671,671,자음강화탕,0,0,0.0,29550,openai,gpt-4o-mini,v5
v5_row_672,672,조위승기탕,0,0,0.0,42199,openai,gpt-4o-mini,v5
v5_row_665,665,오적산,0,0,0.0,78767,openai,gpt-4o-mini,v5
v5_row_673,673,청상견통탕,0,0,0.0,31383,openai,gpt-4o-mini,v5
v5_row_674,674,청서익기탕,0,0,0.0,33457,openai,gpt-4o-mini,v5
v5_row_675,675,청위산,0,0,0.0,29732,openai,gpt-4o-mini,v5
v5_row_678,678,행소탕,0,0,0.0,16701,openai,gpt-4o-mini,v5
v5_row_680,680,황금작약탕,0,0,0.0,23075,openai,gpt-4o-mini,v5
v5_row_679,679,향사평위산,0,0,0.0,29992,openai,gpt-4o-mini,v5
v5_row_676,676,팔물탕,0,0,0.0,54613,openai,gpt-4o-mini,v5
v5_row_682,682,형개연교탕,0,0,0.0,36898,openai,gpt-4o-mini,v5
v5_row_681,681,황련해독탕,0,0,0.0,49032,openai,gpt-4o-mini,v5
v5_row_683,683,회춘양격산,0,0,0.0,35899,openai,gpt-4o-mini,v5
v5_row_684,684,만성 호흡기 질환에 장기 투여된 macrolide 계열 제제 인정여부,0,0,0.0,36186,openai,gpt-4o-mini,v5
v5_row_677,677,평위산,0,0,0.0,76760,openai,gpt-4o-mini,v5
v5_row_685,685,급성 심재성 정맥혈전증 상병에 투여하는 프라그민,0,0,0.0,54762,openai,gpt-4o-mini,v5
v5_row_687,687,폐계면활성제,0,0,0.0,54954,openai,gpt-4o-mini,v5
v5_row_686,686,류마티스질환에서 TNF-α inhibitor 제제,1,0,0.0,80989,openai,gpt-4o-mini,v5
