clause_id,num_questions,retries,provider,model,tokens_req,tokens_resp,elapsed_ms
간장용제_b54ee5da,21,0,openai,gpt-4o-mini,396,177,7130
경구용-서방형제제-정제-캡슐제-과립제-분할-처방투여-기준_e6238925,20,0,openai,gpt-4o-mini,226,171,7394
경구용-만성-b형간염치료제_4de1873e_p1,19,0,openai,gpt-4o-mini,1053,194,8288
경구용-뇌대사개선제-neuroprotective-agents_e2d6e30f,20,0,openai,gpt-4o-mini,265,188,8690
경구용-항뇌전증약_007a2e28,20,0,openai,gpt-4o-mini,310,189,10415
경구용-만성-b형간염치료제_4de1873e_p2,20,0,openai,gpt-4o-mini,891,243,11455
경구용-항혈전제-항혈소판제-및-heparinoid-제제_98eb9ea0,20,0,openai,gpt-4o-mini,840,205,8431
고혈압약제_f7a7936d,20,0,openai,gpt-4o-mini,689,163,7928
고가의약품-급여관리에-관한-기준_bf30a270,19,0,openai,gpt-4o-mini,514,256,10482
고지혈증치료제_bf0f0df7,19,0,openai,gpt-4o-mini,249,206,9829
국민건강보험-요양급여의-기준에-관한-규칙-제5조제4항에-의하여-중증환자-_4dac691b,21,0,openai,gpt-4o-mini,450,196,8614
골다공증치료제_06e81f46,20,0,openai,gpt-4o-mini,803,191,10845
국소지혈제_827be480,21,0,openai,gpt-4o-mini,535,172,7971
기관지천식-치료용흡입제_fd002e6b,20,0,openai,gpt-4o-mini,254,207,8419
내용액제-시럽-및-현탁액-등_11d9589e,19,0,openai,gpt-4o-mini,257,176,8252
당뇨병용제_d8ec4638_p1,20,0,openai,gpt-4o-mini,542,183,9851
뇌대사제제-및-뇌순환계용약-주사제_5e5af17c,13,0,openai,gpt-4o-mini,220,264,14822
당뇨병용제_d8ec4638_p2,23,0,openai,gpt-4o-mini,883,232,12755
마약성-진통제_734bf09b,19,0,openai,gpt-4o-mini,452,193,8977
당뇨병용제_d8ec4638_p3,25,0,openai,gpt-4o-mini,625,243,11623
동일성분-의약품-중복처방-관리에-관한-기준_19350e6f,23,0,openai,gpt-4o-mini,342,214,12585
메르스-코로나바이러스-mers-cov-및-코로나바이러스-감염증-19-co_44942795,20,0,openai,gpt-4o-mini,665,198,8253
비용효과적인-함량-의약품-사용_a1ff2e03,19,0,openai,gpt-4o-mini,282,174,5878
보조생식술에-사용되는-호르몬-약제_006bcf99,20,0,openai,gpt-4o-mini,421,211,7255
병용금기-성분-특정연령대-금기-성분-및-임부금기-성분_ef79b2ea,18,0,openai,gpt-4o-mini,395,235,10091
비결핵항산균-ntm-non-tuberculous-mycobacteria-_470ebd4e,26,0,openai,gpt-4o-mini,612,252,9635
비타민제_718538bc,20,0,openai,gpt-4o-mini,211,158,9374
안연고_71d95412,20,0,openai,gpt-4o-mini,218,194,9651
요오드-조영제_c3c4a91a,20,0,openai,gpt-4o-mini,250,178,6968
암질환이-아닌-환자에서의-조혈모세포이식-전처치요법-conditioning_57a413c6,18,0,openai,gpt-4o-mini,242,208,9785
주사제의-자가주사-및-장기처방_d10963ea,14,0,openai,gpt-4o-mini,223,148,9104
진해거담제_c3af7c35,21,0,openai,gpt-4o-mini,294,167,7814
폐경-후-호르몬요법-인정기준_356f508d,22,0,openai,gpt-4o-mini,282,231,8558
폐동맥고혈압-약제_f4237727,20,0,openai,gpt-4o-mini,662,197,9054
폐경기증후군에-투여하는-약제_8a1ee62b,16,0,openai,gpt-4o-mini,214,192,9785
항생제_1fcc6be9,19,0,openai,gpt-4o-mini,234,168,5733
필수경구약제_de4e7c5e,20,0,openai,gpt-4o-mini,340,167,9741
항진균제_a5590977,19,0,openai,gpt-4o-mini,765,197,9111
항파킨슨-약제_629064fb,20,0,openai,gpt-4o-mini,317,176,8202
항생제-및-항원충제_2f475ec0,21,0,openai,gpt-4o-mini,372,264,14247
흡입마취에-사용되는-약제_5449548c,22,0,openai,gpt-4o-mini,328,188,7834
향정신성약물_562cf9d7,20,0,openai,gpt-4o-mini,425,183,11218
probiotics-정장생균제_67580bf1,19,0,openai,gpt-4o-mini,269,233,9878
111.0_etomidate-주사제-품명-에토미데이트리푸로주,20,0,openai,gpt-4o-mini,269,215,10654
112.0_midazolam-주사제-품명-바스캄주-등,20,0,openai,gpt-4o-mini,408,195,7536
111.0_ketamine-hcl-주사제-품명-휴온스-염산케타민주-등,20,0,openai,gpt-4o-mini,304,202,10008
111.0_propofol-주사제-품명-포폴주사-등,20,0,openai,gpt-4o-mini,318,194,8544
허가-또는-신고범위-초과-약제-비급여-사용승인에-관한-기준-및-절차_3feced53,18,1,openai,gpt-4o-mini,239,292,21184
113.0_cannabidiol-품명-에피디올렉스-내복액,19,0,openai,gpt-4o-mini,453,176,7719
113.0_gabapentin-경구제-품명-뉴론틴캡슐-등,19,0,openai,gpt-4o-mini,404,233,6777
113.0_carbamazepine-경구제-품명-테그레톨정-등,19,0,openai,gpt-4o-mini,221,218,7827
113.0_clonazepam-경구제-품명-리보트릴정-등,19,0,openai,gpt-4o-mini,222,177,8179
113.0_lamotrigine-경구제-품명-라믹탈정-등,19,0,openai,gpt-4o-mini,232,196,7878
113.0_levetiracetam-주사제-품명-큐팜주사500-밀리그램-등,21,0,openai,gpt-4o-mini,300,199,7894
113.0_primidone-경구제-품명-대웅프리미돈정,20,0,openai,gpt-4o-mini,241,175,6491
113.0_sodium-valproate-주사제-품명-데파킨주-등,19,0,openai,gpt-4o-mini,289,237,6587
113.0_rufinamide-경구제-품명-이노베론필름코팅정-100mg-등,19,0,openai,gpt-4o-mini,227,210,8733
113.0_stiripentol-경구제-품명-디아코미트,19,0,openai,gpt-4o-mini,300,192,8422
113.0_tetrabenazine-경구제-품명-세나진정,19,0,openai,gpt-4o-mini,247,188,8689
114.0_편두통-치료제,19,0,openai,gpt-4o-mini,283,179,7172
114.0_etoricoxib-경구제-품명-알콕시아정-30밀리그램-등,18,0,openai,gpt-4o-mini,252,188,7259
114.0_celecoxib-경구제-품명-쎄레브렉스캡슐-200밀리그람-등,19,0,openai,gpt-4o-mini,267,198,8336
114.0_자오가우슬방풍두충-구척흑두-건조엑스201300mg-품명-신바로캡슐-등,17,0,openai,gpt-4o-mini,221,201,14812
114.0_celecoxib-당귀목과방풍속단-오가피우슬위령선육계진교천궁천마홍화-25,13,0,openai,gpt-4o-mini,293,292,12021
114.0_loxoprofen-sodium-60mg-경구제-품명-동화록소닌정-등,18,0,openai,gpt-4o-mini,251,207,9502
114.0_methotrexate-프리필드시린지-주사제-품명-메토젝트주,17,0,openai,gpt-4o-mini,309,210,8498
114.0_polmacoxib-경구제-품명-아셀렉스캡슐-2밀리그램-등,19,0,openai,gpt-4o-mini,252,190,6623
114.0_propacetamol-hcl-주사제-품명-데노간주-등,19,0,openai,gpt-4o-mini,253,203,7638
115.0_methylphenidate-hcl-일반형-경구제-품명-페니드정-10밀리,19,0,openai,gpt-4o-mini,372,230,6679
117.0_agomelatine-경구제-품명-아고틴정-25밀리그램,19,0,openai,gpt-4o-mini,364,191,9109
117.0_blonanserin-경구제-품명-로나센정-2밀리그램-등,19,0,openai,gpt-4o-mini,210,197,5418
115.0_methylphenidate-hcl-서방형-경구제-품명-콘서타-oros-,20,0,openai,gpt-4o-mini,384,257,10819
117.0_bupropion-100mg-경구제-품명-웰정,20,0,openai,gpt-4o-mini,234,188,7071
117.0_aripiprazole-주사제-품명-아빌리파이메인테나주-사-300밀리그램,20,0,openai,gpt-4o-mini,252,213,12191
117.0_bupropion-hcl-150mg-경구제-품명-웰부트린서방정-등,19,0,openai,gpt-4o-mini,261,208,10499
117.0_desvenlafaxine-경구제-품명-프리스틱-서방정-등,20,0,openai,gpt-4o-mini,359,225,9316
117.0_clozapine-경구제-품명-클로자릴정-등,19,0,openai,gpt-4o-mini,388,196,10651
117.0_duloxetine-경구제-품명-심발타캡슐-등,18,0,openai,gpt-4o-mini,556,204,10711
117.0_levomepromazine-maleate-경구제-품명-티세르신정,14,0,openai,gpt-4o-mini,238,165,6861
117.0_fluvoxamine-maleate-품명-듀미록스정-imipramine-,19,0,openai,gpt-4o-mini,394,228,10322
117.0_lorazepam-주사제-품명-아티반주,20,0,openai,gpt-4o-mini,222,162,7433
117.0_paliperidone-palmitate-주사제-품명-인베가서스티나-주사,17,0,openai,gpt-4o-mini,249,211,8968
117.0_sertraline-hcl-품명-졸로푸트정-등-paroxetine-hcl,19,0,openai,gpt-4o-mini,410,218,8244
117.0_quetiapine-fumarate-경구제-품명-쎄로켈정-등,18,0,openai,gpt-4o-mini,267,238,9614
117.0_risperidone-주사제-품명-리스페달콘스타-주사,19,0,openai,gpt-4o-mini,244,215,10725
117.0_sulpiride-경구제-품명-설피딘정-등,13,0,openai,gpt-4o-mini,219,147,8851
117.0_tandospirone-경구제-품명-세디엘정,20,0,openai,gpt-4o-mini,254,190,8424
117.0_vortioxetine-hydrobromide-경구제-품명-브린텔릭스정-,17,0,openai,gpt-4o-mini,385,230,8703
119.0_alemtuzumab-주사제-품명-렘트라다주,19,0,openai,gpt-4o-mini,335,192,8778
119.0_amantadine-주사제-품명-피케이멜즈인퓨전주,20,0,openai,gpt-4o-mini,216,183,7288
119.0_atomoxetine-hcl-경구제-품명-스트라테라캡슐-등,20,0,openai,gpt-4o-mini,357,179,6681
119.0_amantadine-경구제-품명-피케이멜즈정-등,19,0,openai,gpt-4o-mini,226,203,8456
117.0_venlafaxine-hcl-서방경구제-품명-이팩사엑스알서방캅셀-등,19,0,openai,gpt-4o-mini,402,208,12055
119.0_dimethyl-fumarate-경구제-품명-텍피데라캡슐,20,0,openai,gpt-4o-mini,371,182,6359
119.0_donepezil-경구제-품명-아리셉트정-등-패취제-품명-도네리온패취-등,19,0,openai,gpt-4o-mini,474,192,6133
119.0_cladribine-경구제-품명-마벤클라드정,20,0,openai,gpt-4o-mini,289,232,10017
119.0_clonidine-hydrochloride-경구제-품명-웹베이서방정-01,18,0,openai,gpt-4o-mini,351,210,9760
119.0_fingolimod-hcl-경구제-품명-피타렉스캡슐-05밀리그램,17,0,openai,gpt-4o-mini,414,213,9392
119.0_fremanezumab-주사제-품명-아조비오토인젝터주-아조비프리필드시린지,20,0,openai,gpt-4o-mini,483,220,9522
119.0_memantine-경구제-품명-에빅사액-등-에빅사정-등,20,0,openai,gpt-4o-mini,410,216,7194
119.0_glatiramer-acetate-주사제-품명-코팍손프리-필드주-20mg,16,0,openai,gpt-4o-mini,382,240,9310
119.0_modafinil-200mg-경구제-품명-프로비질정-등-armodafin,20,0,openai,gpt-4o-mini,351,204,9063
119.0_nusinersen-sodium-주사제-품명-스핀라자주,19,0,openai,gpt-4o-mini,688,223,9527
119.0_pitolisant-hydrochloride-경구제-품명-와킥스필름코팅정,20,0,openai,gpt-4o-mini,355,249,10674
119.0_risdiplam-경구제-품명-에브리스디건조시럽,20,0,openai,gpt-4o-mini,762,179,9435
119.0_galantamine-경구제-품명-레미닐피알-서방캡슐-등,21,0,openai,gpt-4o-mini,350,233,24906
119.0_pregabalin-서방형-경구제-품명-리리카-cr-서방정-등,21,0,openai,gpt-4o-mini,311,220,14419
119.0_rivastigmine-제제-품명-엑셀론캡슐-엑셀론패취-등,19,0,openai,gpt-4o-mini,566,227,8377
119.0_galcanezumab-주사제-품명-앰젤러티120밀리그램-밀리리터프리필드,20,0,openai,gpt-4o-mini,493,273,28872
119.0_pregabalin-일반형-경구제-품명-리리카캡슐-등,21,0,openai,gpt-4o-mini,498,226,18020
119.0_satralizumab-주사제-품명-엔스프링프리필드시린-지주,20,0,openai,gpt-4o-mini,479,207,8105
119.0_teriflunomide-경구제-품명-오바지오필름-코팅정-등,22,0,openai,gpt-4o-mini,373,228,8910
121.0_lidocaine-hcl-주사제-품명-휴온스-리도카인-염산염-수화물주사-,19,0,openai,gpt-4o-mini,282,200,6496
121.0_levobupivacaine-hcl-25mg-주사제-품명-카이로케인주,16,0,openai,gpt-4o-mini,243,279,11056
122.0_atracurium-besylate-주사제-품명-아트라주-등,14,0,openai,gpt-4o-mini,283,248,8451
122.0_eperisone-hydrochloride-경구제-품명-뮤렉스정-등,15,0,openai,gpt-4o-mini,238,231,8290
123.0_bethanechol-chloride-경구제-품명-마이토닌정-등,17,0,openai,gpt-4o-mini,229,204,5773
122.0_baclofen-주사제-품명-리오레살주-10mg5ml,21,0,openai,gpt-4o-mini,311,185,10892
123.0_glycopyrrolate-주사제-품명-모비눌주-등,16,0,openai,gpt-4o-mini,226,192,6939
124.0_hyoscine-butylbromide-주사제-품명-프리판주-등,18,0,openai,gpt-4o-mini,229,203,9916
123.0_oxybutynin-경구제-품명-동화디트로판정-등,20,0,openai,gpt-4o-mini,224,199,10449
131.0_bilberry-fruit-dried-ext-경구제-품명-알코딘연질캡슐-,19,0,openai,gpt-4o-mini,236,209,8910
129.0_tafamidis-meglumine-경구제-품명-빈다켈캡슐-20밀리그램,16,0,openai,gpt-4o-mini,373,246,9987
131.0_cyclosporin-005-외용제-품명-레스타시스점안액-등,23,0,openai,gpt-4o-mini,265,265,10055
131.0_natamycin-외용제-품명-나타신점안현탁액,19,0,openai,gpt-4o-mini,227,176,7006
131.0_cyclosporin-01-외용제-품명-아이커비스점안액,20,0,openai,gpt-4o-mini,255,206,12262
131.0_rebamipide-01g5ml-외용제-품명-레바아이점안액2-등-레바아이,18,0,openai,gpt-4o-mini,243,206,7772
131.0_omidenepag-isopropyl-외용제-품명-에이베리스-점안액000,15,0,openai,gpt-4o-mini,222,211,8737
131.0_dexamethasone-700-이식제-품명-오저덱스이식제-700,12,0,openai,gpt-4o-mini,369,254,12119
131.0_sodium-hyaluronate-18mg10ml-외용제-품명-비스메드점,17,0,openai,gpt-4o-mini,248,233,9522
131.0_tafluprost-외용제-품명-타플로탄점안액-00015-등,20,0,openai,gpt-4o-mini,216,182,9899
131.0_tosufloxacin-tosylate-외용제-품명-동아오젝스-점안액,19,0,openai,gpt-4o-mini,290,228,9806
131.0_verteporfin-주사제-품명-비쥬다인주,20,0,openai,gpt-4o-mini,385,212,8294
131.0_triamcinolone-acetonide-주사제-품명-마카이드주,14,0,openai,gpt-4o-mini,284,227,8633
131.0_voretigene-neparvovec-주사제-품명-럭스터나주,19,0,openai,gpt-4o-mini,607,196,8609
132.0_ciprofloxacin-hcl-dexamethasone-외용제-품명-실,11,0,openai,gpt-4o-mini,231,196,9142
141.0_desloratadine-경구제-품명-에리우스정,15,0,openai,gpt-4o-mini,212,151,5291
132.0_olopatadine-mometasone-furoate-외용제-품명-리알,17,0,openai,gpt-4o-mini,232,224,5921
132.0_micronized-ciclesonide-외용제-품명-옴나리스나잘스프레이,15,0,openai,gpt-4o-mini,245,187,8741
132.0_fluticasone-furoate-외용제-품명-아바미스나잘스프레이,19,0,openai,gpt-4o-mini,223,253,9951
141.0_rupatadine-경구제-품명-루파핀정,19,0,openai,gpt-4o-mini,207,171,7562
142.0_baricitinib-경구제-품명-올루미언트정-2밀리그램-등,20,0,openai,gpt-4o-mini,761,201,7185
141.0_piprinhydrinate-제제-품명-푸라콩-등,20,0,openai,gpt-4o-mini,224,193,11005
142.0_abrocitinib-경구제-품명-시빈코정-50100200밀리그램,21,0,openai,gpt-4o-mini,483,224,8990
142.0_basiliximab-주사제-품명-씨뮬렉트주사,20,0,openai,gpt-4o-mini,292,187,11817
142.0_cyclosporine-주사제-품명-산디문주-등,18,0,openai,gpt-4o-mini,273,222,8219
142.0_deucravacitinib-경구제-품명-소틱투정,20,0,openai,gpt-4o-mini,534,225,7859
142.0_dimethyl-fumarate-경구제-품명-스킬라렌스장용정-30밀리그램,19,0,openai,gpt-4o-mini,273,217,8501
142.0_belimumab-주사제-품명-벤리스타주-120밀리그램-등,20,0,openai,gpt-4o-mini,361,224,14875
142.0_cyclosporine-경구제-품명-사이폴엔연질캅셀-등,20,0,openai,gpt-4o-mini,677,253,14551
142.0_dupilumab-주사제-품명-듀피젠트프리필드주300-밀리그램-등,19,0,openai,gpt-4o-mini,549,217,11666
142.0_everolimus-경구제-품명-써티칸정-등,19,0,openai,gpt-4o-mini,307,194,11226
142.0_guselkumab-주사제-품명-트렘피어프리-필드시린지주-등,20,0,openai,gpt-4o-mini,745,220,9261
142.0_golimumab-주사제-품명-심퍼니프리-필드시린지주-50밀리그램-등,21,0,openai,gpt-4o-mini,1344,219,10066
142.0_filgotinib-경구제-품명-지셀레카정-100밀리그램-등,20,0,openai,gpt-4o-mini,945,219,11941
142.0_ixekizumab-주사제-품명-탈츠프리-필드시린지주-등,18,0,openai,gpt-4o-mini,906,213,9745
142.0_leflunomide-경구제-품명-아라바정-등,19,0,openai,gpt-4o-mini,227,195,8018
142.0_mycophenolate-sodium-경구제-품명-마이폴틱장용정-등,17,0,openai,gpt-4o-mini,298,232,10052
142.0_ozanimod-경구제-품명-제포시아캡슐-092밀리그램-등,20,0,openai,gpt-4o-mini,819,195,10094
142.0_rabbit-anti-human-thymocyte-immunoglobul,12,0,openai,gpt-4o-mini,374,289,10997
142.0_risankizumab-주사제-품명-스카이리치-프리필드시린지주-등,19,0,openai,gpt-4o-mini,618,217,10513
142.0_mycophenolate-mofetil-경구제-품명-셀셉트캡슐-등,15,0,openai,gpt-4o-mini,861,255,15274
142.0_secukinumab-주사제-품명-코센틱스센소레디펜-등,20,0,openai,gpt-4o-mini,906,203,9904
142.0_tacrolimus-제제-품명-프로그랍캅셀주사-등,20,0,openai,gpt-4o-mini,440,225,8512
142.0_sirolimus-경구제-품명-라파문정-1밀리그램-등,20,0,openai,gpt-4o-mini,315,221,11305
142.0_tocilizumab-주사제-품명-악템라주-악템라피하주사-162밀리그램,19,0,openai,gpt-4o-mini,1126,251,10037
142.0_tralokinumab-주사제-품명-아트랄자-프리필드시린지-150밀리그램,19,0,openai,gpt-4o-mini,463,229,8803
142.0_tofacitinib-경구제-품명-젤잔즈정-5밀리그램-등,23,0,openai,gpt-4o-mini,1306,264,10247
142.0_upadacitinib-경구제-품명-린버크서방정-15밀리그램-30밀리그램_p1,20,0,openai,gpt-4o-mini,1780,219,9486
142.0_ustekinumab-주사제-품명-스텔라라-프리필드주-45mg-등,20,0,openai,gpt-4o-mini,1265,211,8003
149.0_omalizumab-주사제-품명-졸레어주사-등,18,0,openai,gpt-4o-mini,524,217,8418
149.0_pemirolast-potassium-시럽제-품명-알레기살드라이시럽-등,18,0,openai,gpt-4o-mini,231,218,8219
211.0_caffeine-and-sodium-benzoate-주사제-품명-메조카주,14,0,openai,gpt-4o-mini,232,244,7928
149.0_leukotriene-조절제-montelukast-경구제-품명-싱귤레어정,19,0,openai,gpt-4o-mini,388,241,12482
149.0_epinastine-경구제-품명-아르기정-등,19,0,openai,gpt-4o-mini,244,192,16311
211.0_ubidecarenone-경구제-품명-데카키논캡슐,19,0,openai,gpt-4o-mini,274,222,11863
212.0_dronedarone-경구제-품명-멀택정,17,0,openai,gpt-4o-mini,253,190,7041
212.0_pilsicainide-hcl-경구제-품명-썬리듬캡슐,19,0,openai,gpt-4o-mini,225,185,7389
212.0_esmolol-hcl-주사제-품명-브레비블록주-등,20,0,openai,gpt-4o-mini,354,200,8943
212.0_arotinolol-hcl-경구제-품명-알말정-등,17,0,openai,gpt-4o-mini,225,241,12470
214.0_ambrisentan-경구제-품명-볼리브리스정-5밀리그램-등,20,0,openai,gpt-4o-mini,477,215,8416
212.0_propranolol-hcl-경구제-품명-인데놀정-등,19,0,openai,gpt-4o-mini,233,190,10167
214.0_bosentan-hydrate-경구제-품명-트라클리어정-625밀리그램-등,20,0,openai,gpt-4o-mini,501,246,7644
214.0_doxazosin-경구제-품명-카딜정-등,20,0,openai,gpt-4o-mini,217,173,7490
214.0_azilsartan-medoxomil-potassium-경구제-품명-이달,22,0,openai,gpt-4o-mini,225,282,12158
214.0_fimasartan-potassium-경구제-품명-카나브정-30mg-등,17,0,openai,gpt-4o-mini,216,219,7818
214.0_macitentan-경구제-품명-옵서미트정-10밀리그램-등,20,0,openai,gpt-4o-mini,376,218,8155
214.0_phenoxybenzamine-경구제-품명-디벤지란캡슐,20,0,openai,gpt-4o-mini,248,200,8487
214.0_iloprost-흡입액-품명-벤타비스흡입액,20,0,openai,gpt-4o-mini,535,195,10814
214.0_sildenafil-경구제-품명-파텐션정-20밀리그램-등,20,0,openai,gpt-4o-mini,533,205,6298
214.0_treprostinil-1mgml-25mgml-5mgml-주사제-품명-레,20,0,openai,gpt-4o-mini,624,240,8272
214.0_selexipag-경구제-품명-업트라비정-200마이크로그램-등,19,0,openai,gpt-4o-mini,409,208,12042
217.0_efonidipine-경구제-품명-핀테정-등,15,0,openai,gpt-4o-mini,216,148,5155
214.0_zofenopril-calcium-경구제-품명-조페닐정75밀리그램-15밀,15,0,openai,gpt-4o-mini,252,185,7611
217.0_nicorandil-주사제-품명-시그마트주48밀리그램,23,0,openai,gpt-4o-mini,239,240,8509
217.0_nifedipine-경구제-품명-아달라트오로스정30-등,20,0,openai,gpt-4o-mini,265,196,9101
217.0_verapamil-hcl-주사제-품명-일성이솔틴주사,18,0,openai,gpt-4o-mini,240,207,7030
217.0_nitroglycerin-주사제-품명-페링가니트01주사-등,20,0,openai,gpt-4o-mini,252,226,8774
217.0_nimodipine-경구제-품명-삼진니모디핀정-등,20,0,openai,gpt-4o-mini,252,196,10782
217.0_trimetazidine-경구제-품명-바스티난엠알서방정-바스티난정-등,20,0,openai,gpt-4o-mini,234,216,10011
218.0_clopidogrel-경구제-품명-피도글정-등,20,0,openai,gpt-4o-mini,463,196,6524
218.0_alirocumab-주사제-품명-프랄런트펜주-75밀리그램-등,24,0,openai,gpt-4o-mini,511,261,10877
218.0_ezetimibe-경구제-품명-이지트롤정-등,19,0,openai,gpt-4o-mini,256,208,7683
218.0_evolocumab-주사제-품명-레파타주-프리필드펜,20,0,openai,gpt-4o-mini,604,224,9453
218.0_ezetimibeatorvastatin-복합경구제-품명-아토젯정-등-ez,14,0,openai,gpt-4o-mini,217,232,9076
218.0_clopidogrel-aspirin-복합경구제-품명-클로스원캡슐-등,11,0,openai,gpt-4o-mini,302,219,11648
218.0_ezetimibefenofibrate-복합경구제-품명-에제페노정,19,0,openai,gpt-4o-mini,256,270,11159
218.0_lovastatin-경구제-품명-로바로드정-등,19,0,openai,gpt-4o-mini,231,199,8280
219.0_고혈압치료제-고지혈증치료제-복합경구제,17,0,openai,gpt-4o-mini,432,228,9415
218.0_omega-3-acid-ethyl-esters-90-경구제-품명-오마코연,15,0,openai,gpt-4o-mini,369,241,12706
219.0_adenosine-주사제-품명-아데노코주사-등,17,0,openai,gpt-4o-mini,237,184,8952
218.0_omega-3-acid-ethyl-esters-90-rosuvastati,13,0,openai,gpt-4o-mini,400,320,12647
219.0_abciximab-주사제-품명-클로티냅주-등,18,0,openai,gpt-4o-mini,393,206,10129
218.0_omega-3-acid-ethyl-esters-90-atorvastati,12,0,openai,gpt-4o-mini,401,354,18031
219.0_alprostadil-주사제-품명-에글란딘주-등,19,0,openai,gpt-4o-mini,416,208,8381
219.0_alteplase-주사제-품명-액티라제주사,20,0,openai,gpt-4o-mini,412,179,7831
219.0_alprostadil-a-cyclodextrin-주사제-품명-알푸로덱스주,18,0,openai,gpt-4o-mini,395,236,12067
219.0_argatroban-주사제-품명-아가론주-등,18,0,openai,gpt-4o-mini,254,185,9770
219.0_citicoline-경구제-품명-소마지나정,20,0,openai,gpt-4o-mini,223,208,9359
219.0_citicoline-주사제-품명-참시티콜린주-등,20,0,openai,gpt-4o-mini,245,161,7654
219.0_aspirin-25mg-dipyridamole-200mg-경구제-품명-아,16,0,openai,gpt-4o-mini,236,305,11835
219.0_aspirin-경구제-품명-아스피린-프로텍트정-100밀리그람-등,21,0,openai,gpt-4o-mini,442,248,15544
219.0_ferric-citrate-경구제-품명-네폭실캡슐-500mg,19,0,openai,gpt-4o-mini,272,205,8432
219.0_dobesilate-calcium-경구제-품명-일성독시움정-등,18,0,openai,gpt-4o-mini,245,207,11548
219.0_ginkgo-biloba-extract-경구제-품명-타나민정-기넥신에프정,19,0,openai,gpt-4o-mini,284,250,9068
219.0_finerenone-경구제-품명-케렌디아정-10밀리그램-등,19,0,openai,gpt-4o-mini,316,193,10471
219.0_kallidinogenase-경구제-품명-카나쿨린정-등,18,0,openai,gpt-4o-mini,231,205,7393
219.0_icatibant-주사제-품명-피라지르프리필드시린지,18,0,openai,gpt-4o-mini,248,202,10213
219.0_ivabradine-경구제-품명-프로코라란정,21,0,openai,gpt-4o-mini,308,201,12208
219.0_lanthanum-carbonate-경구제-품명-포스레놀정-등,18,0,openai,gpt-4o-mini,258,228,7771
219.0_l-carnitine-품명-엘칸정엘칸주사-등,18,0,openai,gpt-4o-mini,335,176,6669
219.0_nicergoline-5mg-10mg-경구제-품명-사미온정-등,14,0,openai,gpt-4o-mini,227,221,8529
219.0_milrinone-주사제-품명-프리마코주,19,0,openai,gpt-4o-mini,241,190,10211
219.0_limaprost-a-cyclodextrin-경구제-품명-동아오팔몬정-등,16,0,openai,gpt-4o-mini,249,250,11540
219.0_pentoxifylline-경구제-품명-트렌탈정400-등,21,0,openai,gpt-4o-mini,307,228,9070
219.0_sevelamer-hcl-400mg-800mg-경구제-품명-레나젤정-등-,18,0,openai,gpt-4o-mini,263,231,8929
219.0_sacubitrilvalsartan-경구제-품명-엔트레스토필름코팅정-50,20,0,openai,gpt-4o-mini,287,220,13267
219.0_sodium-ozagrel-주사제-품명-키산본에스주,19,0,openai,gpt-4o-mini,222,202,7674
219.0_tenecteplase-주사제-품명-메탈라제주,14,0,openai,gpt-4o-mini,227,161,6198
219.0_sucroferric-oxyhydroxide-경구제-품명-벨포로츄어블정,18,0,openai,gpt-4o-mini,262,216,9066
219.0_tirofiban-hcl-품명-아그라스타트주,19,0,openai,gpt-4o-mini,288,186,10377
219.0_tolvaptan-경구제-품명-삼스카정-15밀리그램-등,20,0,openai,gpt-4o-mini,547,190,7466
219.0_vericiguat-경구제-품명-베르쿠보정-25mg-등,19,0,openai,gpt-4o-mini,370,210,8375
220.0_fluticasone-propionate-formoterol-흡입제-품명,17,0,openai,gpt-4o-mini,243,248,9720
220.0_vilanterol-trifenatate-fluticasone-furoa,13,0,openai,gpt-4o-mini,306,247,8903
219.0_vitis-vinifera-ext-경구제-품명-엔테론정-50밀리그람-등,17,0,openai,gpt-4o-mini,257,243,13478
221.0_caffeine-citrate-주사제-품명-네오카프주-등-caffeine,20,0,openai,gpt-4o-mini,315,240,8883
222.0_acetylcysteine-주사제-품명-뮤코스텐주-등,18,0,openai,gpt-4o-mini,246,206,10809
222.0_acetylcysteine-흡입액-품명-뮤코미스트액-등,20,0,openai,gpt-4o-mini,218,177,11071
222.0_ambroxol-hcl-주사제-품명-앰브로주사-등,20,0,openai,gpt-4o-mini,239,194,10159
222.0_beclomethasone-dipropionate-formoterol-흡,15,0,openai,gpt-4o-mini,326,247,8834
222.0_ciclesonide-외용제-품명-알베스코흡입제-16080,14,0,openai,gpt-4o-mini,221,151,9388
222.0_fluticasone-furoate-흡입제-품명-아뉴이티-100엘립타-등,20,0,openai,gpt-4o-mini,228,245,10292
222.0_formoterol-fumarate-micronizedbudeson-id,21,0,openai,gpt-4o-mini,295,233,9833
222.0_ivy-leaf-30-ethanol-dried-ext-시럽제-품명-푸로스,17,0,openai,gpt-4o-mini,237,214,9066
222.0_salbutamol-sulfate-흡입액-품명-벤토린흡입액-등,15,0,openai,gpt-4o-mini,225,215,9081
222.0_salbutamol-경구제-품명-부광살부타몰정-등,20,0,openai,gpt-4o-mini,230,186,9649
222.0_salmeterol-xinafoate-fluticasone-propion,14,0,openai,gpt-4o-mini,321,253,10438
229.0_만성폐쇄성폐질환-흡입용-치료제,21,0,openai,gpt-4o-mini,318,195,8754
229.0_beclometasone-dipropionate-formoterol-fu,13,0,openai,gpt-4o-mini,391,350,11430
229.0_benralizumab-주사제-품명-파센라프리필드시린지주-30밀리그램,19,0,openai,gpt-4o-mini,553,245,10981
229.0_indacaterol-acetate-glycopyrronium-bromi,15,0,openai,gpt-4o-mini,303,308,10179
229.0_indacaterol-acetate-mometasone-furoate-흡,15,0,openai,gpt-4o-mini,272,234,12107
229.0_mepolizumab-주사제-품명-누칼라주,19,0,openai,gpt-4o-mini,542,221,9148
229.0_lung-surfactant-폐계면활성제-주사제-품명-서팩텐-등,20,0,openai,gpt-4o-mini,515,186,10070
229.0_reslizumab-주사제-품명-싱케어주,20,0,openai,gpt-4o-mini,488,205,7686
229.0_pirfenidone-경구제-품명-피레스파정-200밀리그램-등,19,0,openai,gpt-4o-mini,336,232,11064
229.0_sivelestat-sodium-hydrate-주사제-품명-엘라스폴100,18,0,openai,gpt-4o-mini,370,248,7845
229.0_roflumilast-경구제-품명-닥사스정500-마이크로그램-등,20,0,openai,gpt-4o-mini,297,209,11150
229.0_tiotropium-흡입제-품명-스피리바흡입용캡슐-등-스피리바레스피맷,20,0,openai,gpt-4o-mini,297,246,11010
229.0_salmeterol-xinafoate-micronized-budesoni,12,0,openai,gpt-4o-mini,270,313,13261
229.0_vilanterol-trifenatate-fluticasone-furoa,14,0,openai,gpt-4o-mini,411,269,10378
231.0_가글-용제-품명-헥사메딘가글액-등,19,0,openai,gpt-4o-mini,229,163,8234
232.0_프로톤-펌프-억제-경구제-omeprazole-품명-유한로섹캡슐-등-lan,17,0,openai,gpt-4o-mini,434,232,11328
231.0_doxycycline-hyclate-20mg-경구제-품명-덴티스타캡슐,15,0,openai,gpt-4o-mini,234,233,11749
232.0_artemisia-asiatica-95-ethanol-ext-경구제-품명,19,0,openai,gpt-4o-mini,245,193,7814
232.0_프로톤-펌프-억제-주사제-pantoprazole-sodium-품명-판토록,19,0,openai,gpt-4o-mini,601,213,10669
232.0_bismuth-경구제-품명-데놀정,19,0,openai,gpt-4o-mini,352,209,8854
232.0_fexuprazan-경구제-품명-펙수클루정-40밀리그램-등,18,0,openai,gpt-4o-mini,228,203,9639
232.0_irsogladine-maleate-경구제-품명-가스론엔정-2mg-등-4,17,0,openai,gpt-4o-mini,239,212,7044
232.0_ilaprazole-경구제-품명-놀텍정,19,0,openai,gpt-4o-mini,254,185,9527
232.0_lafutidine-경구제-품명-스토가정10mg-등,20,0,openai,gpt-4o-mini,236,202,7606
232.0_h2-수용체-길항-주사제-h2-receptor-antagonist-cim,19,0,openai,gpt-4o-mini,395,207,13609
232.0_roxatidine-acetate-hcl-경구제-품명-록산캅셀-등,15,0,openai,gpt-4o-mini,262,234,9443
232.0_polaprezinc-경구제-품명-프로맥정-등,19,0,openai,gpt-4o-mini,229,196,11355
232.0_sulglycotide-경구제-품명-글립타이드정-200밀리그람,15,0,openai,gpt-4o-mini,221,160,6677
232.0_s-pantoprazole-경구제-품명-레토프라정-등,18,0,openai,gpt-4o-mini,237,209,10524
232.0_sodium-alginate-경구제-품명-라미나지액-등,18,0,openai,gpt-4o-mini,228,200,11727
235.0_항구토제-aprepitant-제제-granisetron-hcl-제제-on,18,0,openai,gpt-4o-mini,284,159,8077
235.0_pyridoxine-hydrochloride-doxylamine-succ,13,0,openai,gpt-4o-mini,278,166,7424
232.0_tegoprazan-경구제-품명-케이캡정-50밀리그램-등,22,0,openai,gpt-4o-mini,251,203,9954
238.0_prucalopride-succinate-경구제-품명-루칼로정-등,17,0,openai,gpt-4o-mini,255,230,10667
238.0_sodium-docusate-d-sorbitol-복합-제제-품명-얄액-등,18,0,openai,gpt-4o-mini,249,203,10677
239.0_calcium-polycarbophil-경구제-품명-실콘정-등,18,0,openai,gpt-4o-mini,231,197,9327
239.0_dexpanthenol-주사제-품명-덱스테놀주-등,18,0,openai,gpt-4o-mini,220,218,11223
239.0_beclomethasone-dipropionate-경구제-품명-클리퍼지속,19,0,openai,gpt-4o-mini,252,251,13789
239.0_mesalazine-제제-품명-펜타사-좌약-등,19,0,openai,gpt-4o-mini,218,176,7850
239.0_ecoli-strain-nissle-1917-동결건조물-14mg-경구제-,14,0,openai,gpt-4o-mini,255,269,13801
239.0_migalastat-경구제-품명-갈라폴드캡슐,19,0,openai,gpt-4o-mini,585,215,9675
239.0_ramosetron-hcl-25-5-경구제-품명-이리보정,19,0,openai,gpt-4o-mini,230,175,9097
239.0_somatostatin-acetate-주사제-품명-소마토산주-등,17,0,openai,gpt-4o-mini,245,202,8846
241.0_desmopressin-acetate-주사제-품명-미니린주사액,18,0,openai,gpt-4o-mini,241,217,8685
241.0_desmopressin-acetate-경구제-품명-미니린정-등,19,0,openai,gpt-4o-mini,294,220,9247
241.0_somatrogon-주사제성장호르몬제-품명-엔젤라프리필드펜주-24mg-등,19,0,openai,gpt-4o-mini,522,207,10820
241.0_somatropin-서방형-주사제-성장호르몬제-품명-유트로핀플러스주-등,20,0,openai,gpt-4o-mini,521,246,12881
241.0_somatropin-주사제-성장호르몬제-품명-유트로핀주-등,19,0,openai,gpt-4o-mini,1274,238,11872
241.0_vasopressin-20u-주사제-품명-한림-바소프레신-주사액,18,0,openai,gpt-4o-mini,247,197,9865
241.0_terlipressin-acetate-주사제-품명-글라이프레신주-등,15,0,openai,gpt-4o-mini,297,257,11379
243.0_teriparatide-주사제-품명-포스테오주-등,20,0,openai,gpt-4o-mini,387,204,8049
243.0_teriparatide-acetate-주사제-품명-테리본피하주사,17,0,openai,gpt-4o-mini,392,223,13255
245.0_budesonide-micronized-23mg-제제-품명-엔토코트,20,0,openai,gpt-4o-mini,222,164,5999
243.0_thyrotropin-주사제-품명-타이로젠주-등,20,0,openai,gpt-4o-mini,270,236,11865
244.0_oxymetholone-경구제-품명-셀트리온-옥시메톨론정,20,0,openai,gpt-4o-mini,217,209,10522
245.0_스테로이드-주사제-품명-제일덱사메타손주사액-등,20,0,openai,gpt-4o-mini,375,197,11939
245.0_epinephrine-제제-품명-제일에피네프린주사액-등,14,0,openai,gpt-4o-mini,228,162,7006
245.0_epinephrine-bitartrate-주사제-품명-젝스트-프리필드펜주,15,0,openai,gpt-4o-mini,289,233,9946
245.0_deflazacort-경구제-품명-캘코트정-등,23,0,openai,gpt-4o-mini,352,239,11972
245.0_triamcinolone-acetonide-주사제-품명-트리암시놀론주-등,17,0,openai,gpt-4o-mini,277,205,9317
245.0_methylprednisolone-sodium-succinate-주사제-,16,0,openai,gpt-4o-mini,247,299,10883
247.0_dienogest-경구제-품명-비잔정-등,20,0,openai,gpt-4o-mini,236,182,7762
247.0_danazol-경구제-품명-영풍-다나졸캡슐-등,20,0,openai,gpt-4o-mini,306,190,9132
247.0_estradiol-valerate-경구제-품명-프로기노바28정1밀리-그램,18,0,openai,gpt-4o-mini,305,217,8049
247.0_estradiol-hemihydrate-경구제-품명-프레다정1mg-등,20,0,openai,gpt-4o-mini,303,227,9296
247.0_levonorgestrol-제제-품명-미레나-20mcg,19,0,openai,gpt-4o-mini,270,187,6793
249.0_태반성성선자극호르몬-hcg-주사제-품명-아이브이에프씨주-5000iu-등,20,0,openai,gpt-4o-mini,234,181,8391
249.0_난포자극호르몬-fsh-주사제,20,0,openai,gpt-4o-mini,376,203,9121
247.0_medroxyprogesterone-acetate-경구제-품명-프로베라정,15,0,openai,gpt-4o-mini,275,210,10789
249.0_clomiphene-citrate-경구제-품명-영풍-클로미-펜시트르산염정,18,0,openai,gpt-4o-mini,274,220,8808
249.0_erythropoietin-주사제-품명-에포카인주-등,20,0,openai,gpt-4o-mini,445,227,8771
249.0_darbepoetin-alpha-주사제-품명-네스프프리필드시린지-주-등,18,0,openai,gpt-4o-mini,453,240,12229
249.0_long-acting-octreotide-주사제-품명-산도스타틴라르주사1,17,0,openai,gpt-4o-mini,237,237,8323
249.0_gnrh-antagonist-주사제,21,0,openai,gpt-4o-mini,293,252,9889
249.0_lutropin-alpha-r-hlh-주사제-품명-루베리스주-75iu,21,0,openai,gpt-4o-mini,321,247,9135
249.0_follitropin-a-lutropin-ar-hlh-복합주사제-품명-퍼,13,0,openai,gpt-4o-mini,338,239,11835
249.0_menotrophin-주사제-품명-아이브이에프엠-주-75iu-등-meno,20,0,openai,gpt-4o-mini,386,227,11008
249.0_methoxy-polyethylene-glycol-epoetin-β-주사,13,0,openai,gpt-4o-mini,431,267,11203
249.0_octreotide-주사제-품명-산도스타틴주-등,20,0,openai,gpt-4o-mini,374,223,9102
252.0_methylergonovine-maleate-주사제-품명-에르빈주사액-등,17,0,openai,gpt-4o-mini,231,234,8510
249.0_pasireotide-pamoate-주사제-품명-시그니포-라르-주사-20,17,0,openai,gpt-4o-mini,303,256,9941
249.0_pegvisomant-주사제-품명-소마버트-10밀리그램-등,19,0,openai,gpt-4o-mini,280,219,11125
259.0_5알파-환원효소-억제제-경구제-finasteride-5mg-dutaste,20,0,openai,gpt-4o-mini,315,186,11001
259.0_alfuzosin-경구제-품명-자트랄엑스엘정10밀리-그람-등,20,0,openai,gpt-4o-mini,226,201,10901
259.0_mirabegron-경구제-품명-베타미가서방정-등,15,0,openai,gpt-4o-mini,221,141,6685
259.0_fesoterodine-fumarate-경구제-품명-토비애즈서방정-4mg,16,0,openai,gpt-4o-mini,230,229,9899
259.0_dutasteride-05mg-tamsulosin-hydrochlorid,17,0,openai,gpt-4o-mini,348,223,10661
259.0_atosiban-주사제-품명-트랙토실주-등,20,0,openai,gpt-4o-mini,289,196,12431
259.0_potassium-citrate-경구제-품명-유로시트라케이-10meq서방,14,0,openai,gpt-4o-mini,234,166,6975
259.0_naftopidil-경구제-품명-플리바스정-등,20,0,openai,gpt-4o-mini,219,191,9001
259.0_potassium-citrate-citric-acid-경구제-품명-유로시,18,0,openai,gpt-4o-mini,276,208,7446
259.0_solifenacin-경구제-품명-베시케어정-등,20,0,openai,gpt-4o-mini,216,202,9114
259.0_silodosin-경구제-품명-트루패스캡슐-4mg-등,21,0,openai,gpt-4o-mini,227,196,10011
259.0_tamsulosin-hcl-경구제-품명-보령염산탐스로신캡슐0-2밀리그람-,17,0,openai,gpt-4o-mini,233,199,10157
259.0_terazosin-hcl-경구제-품명-일양하이트린정-등,15,0,openai,gpt-4o-mini,225,160,6725
261.0_povidone-iodine-외용제-품명-포타딘연고-등,20,0,openai,gpt-4o-mini,210,191,7919
259.0_tolterodine-경구제-품명-디트루시톨정-등,20,0,openai,gpt-4o-mini,225,201,8178
263.0_mafenide-acetate-외용제-품명-메페드크림-등,20,0,openai,gpt-4o-mini,226,204,9172
263.0_recombinant-human-epidermal-growth-facto,18,0,openai,gpt-4o-mini,276,224,8981
264.0_진통진양수렴소염-외용제,19,0,openai,gpt-4o-mini,313,214,9630
264.0_코르티코스테로이드-피부-도포제,20,0,openai,gpt-4o-mini,452,212,9689
264.0_ammonium-lactate-외용제-품명-타로암모늄락테이트로션-12-등,19,0,openai,gpt-4o-mini,234,204,8214
264.0_buprenorphine-패취제-품명-노스판패취-5-10-20,17,0,openai,gpt-4o-mini,254,189,9019
264.0_lidocaine-패취제-품명-리도탑-카타플라스마-등,20,0,openai,gpt-4o-mini,265,183,7908
265.0_fluconazole-외용제-품명-후코날크림-05,19,0,openai,gpt-4o-mini,227,184,8882
264.0_capsaicin-외용제-품명-다이악센크림-등,19,0,openai,gpt-4o-mini,251,178,10693
269.0_calcipotriol-외용제-품명-다이보넥스,19,0,openai,gpt-4o-mini,213,184,8933
266.0_imiquimod-125mg-외용제-품명-알다라크림,19,0,openai,gpt-4o-mini,246,202,10141
269.0_penciclovir-외용제-품명-펜시비어크림,17,0,openai,gpt-4o-mini,210,177,9569
269.0_pimecrolimus-외용제-품명-엘리델크림-1,17,0,openai,gpt-4o-mini,267,181,8754
311.0_paricalcitol-주사제-품명-젬플라주-등,19,0,openai,gpt-4o-mini,264,201,8130
269.0_tacrolimus-외용제-품명-프로토픽연고-01-003-등,20,0,openai,gpt-4o-mini,357,194,10741
311.0_calcitriol-경구제-품명-본키연질캡슐-등,20,0,openai,gpt-4o-mini,296,212,10445
311.0_calcitriol-주사제-품명-본키주-등,20,0,openai,gpt-4o-mini,311,218,11995
269.0_tacalcitol-2087mcgg-외용제-품명-본알파하이연고,18,0,openai,gpt-4o-mini,226,217,14809
316.0_수용성비타민엽산-복합성분-경구제-품명-레날민정-네프비타정-등,21,0,openai,gpt-4o-mini,224,191,11503
322.0_철분주사제-품명-베노훼럼주-페린젝트주-등,19,0,openai,gpt-4o-mini,533,167,8885
322.0_iron-acetyl-transferrin-200mg-경구제-품명-알부맥,19,0,openai,gpt-4o-mini,342,217,8419
322.0_액제형-철분제제-품명-헤모콤액-등,20,0,openai,gpt-4o-mini,348,177,11385
325.0_경장영양제-품명-엔커버액-등,19,0,openai,gpt-4o-mini,340,176,8959
325.0_a액glucose-b액amino-acid-c액intralipid-주사제-,19,0,openai,gpt-4o-mini,284,147,6435
325.0_단백아미노산-제제,19,0,openai,gpt-4o-mini,243,190,10457
325.0_n2-l-alanyl-l-g-lutamine-주사제-품명-디펩티벤주-등,18,0,openai,gpt-4o-mini,299,141,6191
325.0_glycyl-l-glutamine-주사제-품명-글라민주-등,16,0,openai,gpt-4o-mini,314,267,9041
329.0_lipid-주사제-품명-스모프리피드-20주-등,20,0,openai,gpt-4o-mini,304,192,7772
325.0_a-keto-dl-isoleuci-ne-calcium-670mg외-9종-,10,0,openai,gpt-4o-mini,282,210,11458
325.0_l-leucine-l-phenylalanine-l-methionine-등,13,0,openai,gpt-4o-mini,239,280,14016
332.0_eptacog-alfa-주사제-품명-노보세븐알티주,24,0,openai,gpt-4o-mini,407,224,10103
332.0_gelatin-sponge-외용제-품명-큐탄플라스트스폰지-등,18,0,openai,gpt-4o-mini,231,189,7535
332.0_idarucizumab-주사제-품명-프락스바인드주사제,21,0,openai,gpt-4o-mini,289,220,10201
332.0_oxidized-regenerated-cellulose-품명-써지셀오리지,18,0,openai,gpt-4o-mini,223,216,8671
332.0_thrombin-제제,20,0,openai,gpt-4o-mini,266,177,8023
332.0_tranexamic-acid-경구제-품명-도란사민캅셀,19,0,openai,gpt-4o-mini,225,186,7760
333.0_apixaban-경구제-품명-엘리퀴스정-등,19,0,openai,gpt-4o-mini,438,182,7252
332.0_p-aminomethyl-benzoic-acid-주사제-품명-에스빅스주-,15,0,openai,gpt-4o-mini,254,245,9497
333.0_dalteparin-sodium-주사제-품명-프라그민주-등,20,0,openai,gpt-4o-mini,349,228,9625
333.0_dabigatran-경구제-품명-프라닥사캡슐-110밀리그램-등,19,0,openai,gpt-4o-mini,419,195,12949
333.0_fondaparinux-sodium-주사제-품명-아릭스트라주,16,0,openai,gpt-4o-mini,289,221,9347
333.0_enoxaparin-sodium-주사제-품명-크렉산주-등,20,0,openai,gpt-4o-mini,318,213,9679
333.0_defibrotide-주사제-품명-데피텔리오주-200밀리그램,21,0,openai,gpt-4o-mini,555,252,11951
333.0_edoxaban-tosilate-hydrate-경구제-품명-릭시아나정-1,17,0,openai,gpt-4o-mini,408,257,11496
333.0_heparin-주사제,17,0,openai,gpt-4o-mini,243,156,9649
339.0_cilostazol-경구제-품명-프레탈정-등,20,0,openai,gpt-4o-mini,252,178,8433
333.0_nadroparin-주사제-품명-후락시파린주-등,19,0,openai,gpt-4o-mini,237,207,9979
333.0_rivaroxaban-경구제-품명-자렐토정-25밀리그램-등,18,0,openai,gpt-4o-mini,748,221,11338
339.0_eltrombopag-olamine-경구제-품명-레볼레이드정-25밀리그램,19,0,openai,gpt-4o-mini,617,246,10672
339.0_damoctocog-alfa-pegol-주사제-품명-지비주-500-iu-,14,0,openai,gpt-4o-mini,408,263,13565
339.0_emicizumab-주사제-품명-헬리브라-피하주사-30mg-등,20,0,openai,gpt-4o-mini,702,225,13174
339.0_hydroxyethyl-starch-함유-제제-품명-볼루벤주-볼루라이트주,20,0,openai,gpt-4o-mini,308,225,11066
339.0_pentastarch-제제-품명-제일펜타스타치-10주,20,0,openai,gpt-4o-mini,294,210,10293
339.0_plerixafor-주사제-품명-모조빌주-등,20,0,openai,gpt-4o-mini,665,233,11882
339.0_recombinant-blood-coagulation-factor-vii,14,0,openai,gpt-4o-mini,435,243,11013
339.0_g-csf-주사제-filgrastim-품명-그라신프리필드-시린지주-등-l,18,0,openai,gpt-4o-mini,318,247,19544
339.0_recombinant-blood-coagulation-factor-ix-,10,0,openai,gpt-4o-mini,420,267,9633
339.0_recombinant-blood-coagulation-factor-vii,19,0,openai,gpt-4o-mini,436,285,11401
339.0_recombinant-blood-coagulation-factor-ix-,12,0,openai,gpt-4o-mini,423,362,10892
339.0_recombinant-blood-coagulation-factor-ix-,14,0,openai,gpt-4o-mini,394,262,7593
339.0_recombinant-blood-coagulation-factor-ix-,15,0,openai,gpt-4o-mini,452,301,10923
339.0_romiplostim-주사제-품명-로미플레이트주250마이-크로그램,19,0,openai,gpt-4o-mini,609,230,11245
339.0_susoctocog-alfa-주사제-품명-오비주르주,21,0,openai,gpt-4o-mini,310,211,9518
341.0_복막투석액,19,0,openai,gpt-4o-mini,285,155,9621
339.0_ticlopidine-hcl-경구제-품명-유유크리드정-등,19,0,openai,gpt-4o-mini,283,212,10631
349.0_calcium-chloride-외-안내수술용-평형염액-품명-비에스에스액-,20,0,openai,gpt-4o-mini,261,179,7634
341.0_l-methionine-외-복막투석액-품명-뉴트리닐-피디-4액,19,0,openai,gpt-4o-mini,234,199,9655
349.0_d-mannitol-d-sorbitol-품명-유로솔액-등,15,0,openai,gpt-4o-mini,264,196,10976
392.0_deferasirox-경구제-품명-엑스자이드확산정-125밀리그람-등,14,0,openai,gpt-4o-mini,236,151,7414
392.0_flumazenil-주사제-품명-아넥세이트주-등,20,0,openai,gpt-4o-mini,358,195,8584
391.0_lamivudine-100mg-경구제-품명-제픽스정-등,19,0,openai,gpt-4o-mini,255,208,12781
392.0_구형흡착탄-경구제-품명-크레메진세립-등,21,0,openai,gpt-4o-mini,224,219,12306
392.0_betaine-anhydrous-180g-경구제-품명-시스타단산-1그램,22,0,openai,gpt-4o-mini,343,270,13342
392.0_sodium-thiosulfate-주사제-품명-아메톡스주-25,15,0,openai,gpt-4o-mini,241,213,8559
394.0_colchicine-경구제-품명-콜킨정-등,19,0,openai,gpt-4o-mini,215,172,7846
392.0_leucovorin-calcium-주사제-품명-페르본주사-등,18,0,openai,gpt-4o-mini,274,236,10265
395.0_agalsidase-alfa-35mg-주사제-품명-레프라갈주,18,0,openai,gpt-4o-mini,490,229,8937
392.0_zinc-acetate-경구제-품명-윌리진캡슐-25밀-리그램-50밀리그램,24,0,openai,gpt-4o-mini,216,245,13251
395.0_agalsidase-β-37mg-주사제-품명-파브라자임주-등,19,0,openai,gpt-4o-mini,488,216,11195
395.0_alglucosidase-alfa-주사제-품명-마이오자임주-avalglu,17,0,openai,gpt-4o-mini,296,205,8665
395.0_asfotase-alfa-주사제-품명-스트렌식주-40mgml-등,20,0,openai,gpt-4o-mini,899,207,8141
395.0_elosulfase-alfa-5mg-주사제-품명-비미짐주,17,0,openai,gpt-4o-mini,411,238,9867
395.0_idursulfase-주사제-품명-엘라프라제주-등,18,0,openai,gpt-4o-mini,227,205,8479
395.0_galsulfase-주사제-품명-나글라자임주,20,0,openai,gpt-4o-mini,216,192,10767
396.0_당뇨병용제-고지혈증-복합경구제,21,0,openai,gpt-4o-mini,250,193,6897
395.0_rasburicase-주사제-품명-패스터텍주,20,0,openai,gpt-4o-mini,326,198,10242
396.0_empagliflozin-경구제-품명-자디앙정-10밀리그램,19,0,openai,gpt-4o-mini,311,221,9141
396.0_metformin-경구제-품명-다이아벡스정-등,17,0,openai,gpt-4o-mini,247,186,7955
396.0_pioglitazone-경구제-품명-액토스정-등,20,0,openai,gpt-4o-mini,236,187,8003
396.0_dapagliflozin-경구제-품명-포시가정-10밀리그램-등,19,0,openai,gpt-4o-mini,314,249,15706
399.0_avocado-soya-unsaponifiables-경구제-품명-이모튼캡,18,0,openai,gpt-4o-mini,224,193,8663
399.0_bdde-bridged-sodium-hyaluronate-60mg-주사제,15,0,openai,gpt-4o-mini,287,286,9541
399.0_cabergoline-경구제-품명-카버락틴정-등,19,0,openai,gpt-4o-mini,223,185,7316
399.0_burosumab-주사제-품명-크리스비타주사액,20,0,openai,gpt-4o-mini,634,199,9395
399.0_bromocryptine-mesylate-경구제-품명-팔로델정-등,17,0,openai,gpt-4o-mini,254,265,10312
399.0_carglumic-acid-경구제-품명-카바글루확산정200mg,20,0,openai,gpt-4o-mini,329,222,9686
399.0_cinacalcet-hcl-경구제-품명-레그파라정-등,20,0,openai,gpt-4o-mini,262,190,7824
399.0_disodium-etidronate-경구제-품명-다이놀정,12,0,openai,gpt-4o-mini,255,166,8969
399.0_denosumab-주사제-품명-프롤리아-프리필드시린지,16,0,openai,gpt-4o-mini,363,205,10305
399.0_eliglustat-tartrate-경구제-품명-세레델가캡슐-84밀리그램,17,0,openai,gpt-4o-mini,261,241,10080
399.0_41-ww-mixed-hydrogel-of-sodium-hyalurona,17,1,openai,gpt-4o-mini,325,357,27912
399.0_miglustat-경구제-품명-자베스카캡슐-100밀리그램,19,0,openai,gpt-4o-mini,398,221,9348
399.0_lactulose-경구제-품명-듀파락시럽-등-품명-듀파락-이지시럽-등,20,0,openai,gpt-4o-mini,321,211,15250
399.0_nitisinone-경구제-품명-올파딘캅셀,20,0,openai,gpt-4o-mini,225,193,9445
399.0_pamidronate-제제-품명-파노린주사-등,20,0,openai,gpt-4o-mini,270,202,10489
399.0_nafamostat-주사제-품명-주사용후탄-등-주사용후탄-50등,20,0,openai,gpt-4o-mini,382,208,12998
399.0_proteolytic-peptide-from-porcine-brain-주,12,0,openai,gpt-4o-mini,246,252,11180
399.0_sodium-alendronate-시럽제-품명-마시본액-등,15,0,openai,gpt-4o-mini,227,211,7717
399.0_sodium-hyaluronate-20mg-주사제-품명-히루안플러스주-등,16,0,openai,gpt-4o-mini,311,223,10256
399.0_sodium-hyaluronate-25mg-주사제-품명-하이알주-등,16,0,openai,gpt-4o-mini,306,222,9179
399.0_thioctic-acid-주사제-품명-부광치옥타시드주-등,19,0,openai,gpt-4o-mini,318,212,9075
399.0_s-adenosyl-l-met-hionine-sulfate-p-tolue,17,1,openai,gpt-4o-mini,241,202,15033
399.0_zoledronic-acid-5mg100ml-주사제-품명-대웅졸레드론산주,18,0,openai,gpt-4o-mini,423,238,11149
399.0_a-lipoic-acid또는-thioctic-acid경구제,19,0,openai,gpt-4o-mini,237,181,8838
421.0_5-fluorouracil-주사제-품명-중외-5-에프유-주-등,18,0,openai,gpt-4o-mini,238,208,11055
421.0_cyclophosphamide-제제,14,0,openai,gpt-4o-mini,388,141,5538
421.0_6-mercaptopurine-경구제-품명-푸리네톤정-등,18,0,openai,gpt-4o-mini,220,214,11709
399.0_romosozumab-주사제-품명-이베니티주-프리필드시린지,18,0,openai,gpt-4o-mini,405,213,34169
421.0_etoposide-제제,18,0,openai,gpt-4o-mini,241,217,9338
421.0_gnrh-agonist-주사제,18,0,openai,gpt-4o-mini,687,207,8798
421.0_상황균사체엑스-경구제-품명-메시마캅셀-등,25,0,openai,gpt-4o-mini,246,242,24830
421.0_interferon-α-2a-주사제-품명-로페론에이프리필드주,19,0,openai,gpt-4o-mini,559,248,12345
421.0_interferon-α-2b-주사제-품명-인트론에이멀티도스펜,22,0,openai,gpt-4o-mini,543,240,13075
421.0_letrozole-경구제-품명-페마라정-등,23,0,openai,gpt-4o-mini,318,251,10150
421.0_methotrexate-제제,20,0,openai,gpt-4o-mini,475,231,10117
421.0_megestrol-acetate-품명-메게이스내복현탁액-등,23,0,openai,gpt-4o-mini,244,259,13647
421.0_mitoxantrone-hcl-주사제-품명-미트론주,19,0,openai,gpt-4o-mini,350,206,8164
421.0_rituximab-주사제-품명-맙테라주-등,19,0,openai,gpt-4o-mini,1200,237,10041
421.0_ruxolitinib-phosphate-경구제-품명-자카비정5밀리그램-등,16,0,openai,gpt-4o-mini,585,253,8668
421.0_vincristin-sulfate-주사제-품명-빈크란주-등,17,0,openai,gpt-4o-mini,240,215,8955
429.0_anagrelide-acetate-품명-아그릴린캅셀-등,19,0,openai,gpt-4o-mini,279,205,7746
421.0_tamoxifen-경구제-품명-놀바덱스정-등,23,0,openai,gpt-4o-mini,232,241,11664
429.0_selumetinib-경구제-품명-코셀루고캡슐10-25밀리그램,20,0,openai,gpt-4o-mini,650,219,9772
429.0_thymomodulin-경구제-품명-로이콘시럽-등,20,0,openai,gpt-4o-mini,231,198,8051
431.0_chromium51cr-edetate-1mci-품명-새한크롬이디티에이주사,15,0,openai,gpt-4o-mini,220,131,7223
431.0_에프도파18f-품명-도파체크주사,20,0,openai,gpt-4o-mini,243,161,10462
431.0_33-diphosphono-1-2-propane-dicarboxylate,17,0,openai,gpt-4o-mini,240,221,9795
431.0_exametazime-주사제-품명-스타빌라이지드세레텍주-등,19,0,openai,gpt-4o-mini,243,190,9888
431.0_indium-chloride111in-33mci-pentetreotide,19,0,openai,gpt-4o-mini,230,190,8182
431.0_strontium-chloride-sr-89-품명-메타스트론주,19,0,openai,gpt-4o-mini,303,226,7873
431.0_thallium-201-주사제-품명-한국원자력의학원염화-탈륨ti-201주,20,0,openai,gpt-4o-mini,256,215,9504
439.0_자가유래연골세포-품명-콘드론,20,0,openai,gpt-4o-mini,339,172,8438
439.0_사람유래-피부각질세포-품명-칼로덤,20,0,openai,gpt-4o-mini,343,170,10236
439.0_자가-지방유래-중간엽줄기세포-품명-큐피스템주,19,0,openai,gpt-4o-mini,303,190,8694
439.0_동종피부유래-각질세포-품명-케라힐-알로,21,0,openai,gpt-4o-mini,317,212,13097
439.0_abatacept-주사제-품명-오렌시아주-250밀리그램-오렌시아서브큐프리,20,0,openai,gpt-4o-mini,747,229,12279
439.0_adalimumab-주사제-품명-휴미라주-등_p4,20,0,openai,gpt-4o-mini,554,216,6955
439.0_adalimumab-주사제-품명-휴미라주-등_p1,19,0,openai,gpt-4o-mini,911,219,10807
439.0_adalimumab-주사제-품명-휴미라주-등_p2,19,0,openai,gpt-4o-mini,763,209,9383
439.0_adalimumab-주사제-품명-휴미라주-등_p3,18,0,openai,gpt-4o-mini,882,208,10790
439.0_anakinra-품명-키너렛주,19,0,openai,gpt-4o-mini,240,157,6525
439.0_aflibercept-주사제-품명-아일리아주사-아일리아프리필드시린지-등,18,0,openai,gpt-4o-mini,547,234,10803
439.0_etanercept-주사제-품명-엔브렐주사-등,20,0,openai,gpt-4o-mini,1406,231,8539
439.0_faricimab-주사제-품명-바비스모주,20,0,openai,gpt-4o-mini,439,179,8210
439.0_infliximab-제제-품명-레미케이드-주-등_p1,18,0,openai,gpt-4o-mini,903,201,8948
439.0_infliximab-제제-품명-레미케이드-주-등_p2,20,0,openai,gpt-4o-mini,921,214,9174
439.0_brolucizumab-주사제-품명-비오뷰프리필드시린지,20,0,openai,gpt-4o-mini,445,250,13283
439.0_infliximab-제제-품명-레미케이드-주-등_p3,20,0,openai,gpt-4o-mini,581,204,9759
439.0_infliximab-제제-품명-레미케이드-주-등_p4,21,0,openai,gpt-4o-mini,558,237,9308
439.0_ranibizumab-주사제-품명-루센티스주-등-루센티스프리필드시린지-등,20,0,openai,gpt-4o-mini,549,189,6167
439.0_onasemnogene-abeparvovec-주사제-품명-졸겐스마주,15,0,openai,gpt-4o-mini,663,223,10825
611.0_benzathine-penicillin-g-주사제-품명-몰다민주-등,15,0,openai,gpt-4o-mini,276,208,7499
439.0_vedolizumab-주사제-품명-킨텔레스주-등,20,0,openai,gpt-4o-mini,870,213,10580
611.0_daptomycin-주사제-품명-펜토신주-350밀리그램-등,23,0,openai,gpt-4o-mini,258,262,12603
611.0_tedizolid-경구제-품명-시벡스트로정-200mg-등,19,0,openai,gpt-4o-mini,256,204,8310
611.0_teicoplanin-주사제-품명-타고시드주-등,19,0,openai,gpt-4o-mini,389,190,8580
611.0_linezolid-경구제-품명-자이복스정-등-linezolid-2mgml,18,0,openai,gpt-4o-mini,310,217,11180
612.0_amikacin-sulfate-주사제-품명-아미킨주-등,18,0,openai,gpt-4o-mini,254,207,6465
612.0_colistimethate-주사제-품명-후콜리스티메테이트주-등,15,0,openai,gpt-4o-mini,287,173,7982
611.0_vancomycin-주사제-품명-반코마이신주-등,22,0,openai,gpt-4o-mini,368,238,13868
613.0_kanamycin-sulfate-주사제-품명-동아카나마이신-황산염주,19,0,openai,gpt-4o-mini,242,208,7799
612.0_aztreonam-주사제-품명-메작탐주사-등,20,0,openai,gpt-4o-mini,247,203,9652
613.0_rifabutin-경구제-품명-마이코부틴캅셀-등,18,0,openai,gpt-4o-mini,343,206,8644
614.0_roxithromycin-경구제-품명-루리드정-등,19,0,openai,gpt-4o-mini,239,194,7636
614.0_azithromycin-경구제-품명-지스로맥스정-등,20,0,openai,gpt-4o-mini,352,214,10527
615.0_doxycycline-50-100mg-제제-품명-국제독시사이클린하이-클레,19,0,openai,gpt-4o-mini,343,280,12176
614.0_erythromycin-경구제-품명-보령에릭캡슐,20,0,openai,gpt-4o-mini,258,200,14426
616.0_pentamidine-isethionate-주사제-품명-화이자펜타미딘이세,19,0,openai,gpt-4o-mini,347,234,14252
617.0_bleomycin-hcl-주사제-품명-브레오신주-등,18,0,openai,gpt-4o-mini,235,178,8694
613.0_rifampicin-경구제-품명-리팜핀정-등,19,0,openai,gpt-4o-mini,273,178,23155
617.0_mitomycin-c-점안액-조제실-제제에-한함,20,0,openai,gpt-4o-mini,213,186,10857
617.0_mitomycin-c-주사제,19,0,openai,gpt-4o-mini,239,205,9775
618.0_amoxicillin-clavulanate-경구제-품명-오구멘틴정-등,12,0,openai,gpt-4o-mini,263,166,9634
618.0_cefazolin-sod-주사제-품명-세파졸린주-등,19,0,openai,gpt-4o-mini,229,232,10322
618.0_ceftolozane-tazobactam-주사제-품명-저박사주,17,0,openai,gpt-4o-mini,280,239,6789
618.0_ceftazidime-주사제-품명-포텀주-등,18,0,openai,gpt-4o-mini,240,184,10723
618.0_ceftazidime-avibactam-주사제-품명-자비쎄프타주,16,0,openai,gpt-4o-mini,284,229,13093
618.0_ertapenem-주사제-품명-인반즈주,21,0,openai,gpt-4o-mini,273,202,10152
618.0_gentamicin-sulfate-주사제,18,0,openai,gpt-4o-mini,270,211,10852
618.0_imipenem-cilastatin-제제-품명-티에남주-등-meropen,16,0,openai,gpt-4o-mini,296,229,7494
618.0_tigecycline-주사제-품명-타이가실주,19,0,openai,gpt-4o-mini,247,197,10418
618.0_rifaximin-경구제-품명-노르믹스정,23,0,openai,gpt-4o-mini,261,224,12624
619.0_clarithromycin-경구제-품명-클래리시드필름코팅정-250mg-등,20,0,openai,gpt-4o-mini,385,235,13187
621.0_sulfamethoxazole-400mg-trimethoprim-80mg,16,0,openai,gpt-4o-mini,292,207,9850
621.0_sulfadiazine-단일성분-경구제-품명-설파디아진정,20,0,openai,gpt-4o-mini,382,194,12162
621.0_sulfasalazine-경구제-품명-사라조피린이엔정-등,17,0,openai,gpt-4o-mini,244,200,13232
622.0_bedaquiline-fumarate-경구제-품명-서튜러정-100mg,19,0,openai,gpt-4o-mini,397,258,11732
622.0_delamanid-경구제-품명-델티바정-50mg,19,0,openai,gpt-4o-mini,389,222,11943
629.0_에이즈치료제,20,0,openai,gpt-4o-mini,315,199,7841
622.0_pretomanid-경구제-품명-도브프렐라정-200mg,26,0,openai,gpt-4o-mini,317,246,12049
629.0_acyclovir-제제-품명-조비락스-등,18,0,openai,gpt-4o-mini,328,175,9034
629.0_balofloxacin-100mg-품명-큐록신정,19,0,openai,gpt-4o-mini,328,187,8194
623.0_dapsone-경구제-품명-태준답손정-25mg-등,19,0,openai,gpt-4o-mini,230,189,14936
629.0_ciprofloxacin-경구제-품명-사이톱신정-등,20,0,openai,gpt-4o-mini,254,220,9550
629.0_darunavir-ethanolate-43364mg-경구제-품명-프레지스,12,0,openai,gpt-4o-mini,257,192,9330
629.0_darunavir-ethanolate-65046mg-경구제-품명-프레지스,16,0,openai,gpt-4o-mini,262,231,9961
629.0_elbasvir-grazoprevir-경구제-품명-제파티어정,20,0,openai,gpt-4o-mini,412,197,8444
629.0_etravirine-경구제-품명-인텔렌스정,17,0,openai,gpt-4o-mini,249,201,9664
629.0_darunavir-ethanolate-cobicistat-silicon-,13,0,openai,gpt-4o-mini,259,246,12303
629.0_ganciclovir-주사제-품명-싸이메빈정주-등,19,0,openai,gpt-4o-mini,344,229,12110
629.0_gemifloxacin-mesylate-경구제-품명-팩티브정,18,0,openai,gpt-4o-mini,255,211,9559
629.0_ledipasvir-sofosbuvir-경구제-품명-하보니정,15,0,openai,gpt-4o-mini,536,181,7345
629.0_famciclovir-250mg-경구제-품명-팜비어정-250mg-등,19,0,openai,gpt-4o-mini,281,215,14564
629.0_glecaprevir-pibrentasvir-경구제-품명-마비렛정,16,0,openai,gpt-4o-mini,454,251,13916
629.0_levofloxacin-경구제-품명-레보펙신정-등,19,0,openai,gpt-4o-mini,536,238,8470
629.0_letermovir-경구제-품명-프레비미스정-240-480밀리그램-let,19,0,openai,gpt-4o-mini,309,223,14791
629.0_levofloxacin-주사제-품명-크라비트주-등,19,0,openai,gpt-4o-mini,289,206,10255
629.0_lomefloxacin-경구제-품명-로맥사신정-등,20,0,openai,gpt-4o-mini,238,187,9453
629.0_maribavir-경구제-품명-리브텐시티정200밀리-그램,21,0,openai,gpt-4o-mini,336,225,10012
629.0_ofloxacin-제제-품명-타리비드-등,20,0,openai,gpt-4o-mini,237,185,7596
629.0_moxifloxacin-경구제-품명-아벨록스정-등,18,0,openai,gpt-4o-mini,327,233,12662
629.0_nelfinavir-mesylate-경구제-품명-비라셉트필름코팅정,17,0,openai,gpt-4o-mini,262,230,11127
629.0_oseltamivir-경구제-품명-타미플루캡슐-등,20,0,openai,gpt-4o-mini,368,205,8922
629.0_raltegravir-potassium-경구제-품명-이센트레스정-이센트레,18,0,openai,gpt-4o-mini,274,206,9370
629.0_palivizumab-주사제-품명-시나지스주-등,21,0,openai,gpt-4o-mini,381,221,10190
629.0_sofosbuvir-경구제-품명-소발디정,20,0,openai,gpt-4o-mini,628,207,10347
629.0_sofosbuvir-velpatasvir-경구제-품명-엡클루사정,18,0,openai,gpt-4o-mini,391,237,10327
629.0_tosufloxacin-경구제-품명-오젝스정,20,0,openai,gpt-4o-mini,236,196,8008
629.0_tenofovir-disoproxil-emtricitabine-경구제-품,18,0,openai,gpt-4o-mini,262,220,10097
629.0_tenofovir-disoproxil-경구제-품명-비리어드정-등,17,0,openai,gpt-4o-mini,254,216,11593
629.0_sofosbuvir-velpatasvir-voxilaprevir-경구제-,12,0,openai,gpt-4o-mini,401,268,12648
629.0_valganciclovir-경구제-품명-발싸이트정-450밀리그람-등-발싸,15,0,openai,gpt-4o-mini,247,161,4387
629.0_zabofloxacin-경구제-품명-자보란테정,18,0,openai,gpt-4o-mini,219,175,5135
629.0_valacyclovir-hcl-경구제-품명-발트렉스정-250밀리그람-등,19,0,openai,gpt-4o-mini,277,210,9268
631.0_free-dried-rabies-vaccine-produced-on-ve,16,0,openai,gpt-4o-mini,385,291,10242
629.0_zanamivir-외용제-품명-리렌자로타디스크,24,0,openai,gpt-4o-mini,370,234,11233
632.0_clostridium-botulinum-a-toxin-주사제-품명-보톡스,15,0,openai,gpt-4o-mini,829,248,10060
634.0_albumin-주사제,20,0,openai,gpt-4o-mini,709,186,8156
632.0_clostridium-botulinum-a-toxin-haemagglut,10,0,openai,gpt-4o-mini,761,310,13723
633.0_antivenin-agkistrodon-halys-품명-보란건조살무사항독,16,0,openai,gpt-4o-mini,237,207,11682
634.0_anti-inhibitor-coagulant-complex-주사제-품명-,19,0,openai,gpt-4o-mini,372,189,8952
634.0_antithrombin-iii-human-주사제-품명-안티트롬빈iii-주,18,0,openai,gpt-4o-mini,467,201,9668
634.0_human-blood-coagulation-factor-250iu-500,19,0,openai,gpt-4o-mini,281,228,7620
634.0_human-blood-coagulation-factor-viii-250i,11,0,openai,gpt-4o-mini,269,182,8906
634.0_human-anti-hepatitis-b-immunoglobulin-정주,15,0,openai,gpt-4o-mini,379,229,10662
634.0_human-blood-coagulation-factor-viii-주사제-,15,0,openai,gpt-4o-mini,429,226,9920
634.0_human-coagulation-factor-x-주사제-품목-코아가덱스주,19,0,openai,gpt-4o-mini,674,198,9559
634.0_igm-고함유-사람면역글로불린-주사제-품명-펜타글로빈주,19,0,openai,gpt-4o-mini,230,188,9118
634.0_human-immunoglobulin-g-주사제-품명-아이비글로-불린에스_p1,16,0,openai,gpt-4o-mini,2020,256,11974
634.0_human-plasma-fraction-with-a-factor-xiii,17,0,openai,gpt-4o-mini,506,219,10653
634.0_immunoglobulin-anti-drh-600-1500-5000iu-,20,0,openai,gpt-4o-mini,425,224,10151
634.0_immunoglobulin-g-human-cytomegalovirus-주,15,0,openai,gpt-4o-mini,397,262,10141
634.0_protein-c-concentrate-lyophilized-powder,16,0,openai,gpt-4o-mini,309,202,10998
636.0_rabies-human-immunoglobulin-300-iu-주사제-품,12,0,openai,gpt-4o-mini,261,172,7464
639.0_interferon-β-1a-주사제-품명-레비프프리필드-주사-레비도즈프리,15,0,openai,gpt-4o-mini,431,167,7979
639.0_eculizumab-주사제-품명-솔리리스주-등_p1,17,0,openai,gpt-4o-mini,1879,217,10321
639.0_interferon-β-1b-품명-베타페론주사,18,0,openai,gpt-4o-mini,415,200,9156
635.0_tuberculin-purified-protein-derivative-품,16,0,openai,gpt-4o-mini,324,276,16131
639.0_peginterferon-alfa-2a-주사제-품명-페가시스주-페가시스프,16,0,openai,gpt-4o-mini,545,249,7637
639.0_interferon-r-주사제-품명-인터맥스감마주-200만단위,20,0,openai,gpt-4o-mini,242,205,9312
641.0_atovaquone-250mg-proguanil-hcl-100mg-경구제,11,0,openai,gpt-4o-mini,266,156,6965
639.0_natalizumab-주사제-품명-티사브리주,17,0,openai,gpt-4o-mini,290,215,11674
639.0_ravulizumab-주사제-품명-울토미리스주-등,19,0,openai,gpt-4o-mini,863,223,10092
641.0_pyrimethamine-품명-다라프림정,20,0,openai,gpt-4o-mini,326,195,7864
641.0_metronidazole-주사제-품명-트리젤주-등,19,0,openai,gpt-4o-mini,258,195,9706
641.0_pyronaridine-artesunate-복합경구제-품명-피라맥스정,17,0,openai,gpt-4o-mini,263,205,8801
721.0_barium-sulfate-제제-품명-솔로탑-등,18,0,openai,gpt-4o-mini,236,211,9923
641.0_pyrimethamine-sulfadoxine-복합경구제-품명-팬시다정,12,0,openai,gpt-4o-mini,313,251,13247
721.0_ethyl-esters-of-the-iodised-fatty-acids-,16,0,openai,gpt-4o-mini,311,232,11407
729.0_corticorelin-trifluoroacetate-품명-씨알에이치페링,14,0,openai,gpt-4o-mini,248,234,7773
821.0_alfentanil-hcl-주사제-품명-알페닐주-등,19,0,openai,gpt-4o-mini,223,199,5336
729.0_somatorelin-acetate-품명-지에이치알에이치페링,18,0,openai,gpt-4o-mini,242,219,8951
721.0_peg3350외-품명-코리트산-등,19,0,openai,gpt-4o-mini,279,196,14895
821.0_fentanyl-citrate-주사제-품명-구연산펜타닐주-등,18,0,openai,gpt-4o-mini,459,236,10182
811.0_paracetamol-250mg-ibuprofen-200mg-codein,16,0,openai,gpt-4o-mini,272,246,13379
821.0_oxycodone-hcl-주사제-품명-옥시넘주사-등,21,0,openai,gpt-4o-mini,275,198,11779
821.0_remifentanil-주사제-품명-울티바주-등,18,0,openai,gpt-4o-mini,256,213,11175
729.0_perfluorobutane-주사제-품명-소나조이드주,19,0,openai,gpt-4o-mini,237,179,24058
821.0_sufentanil-citrate-주사제-품명-수펜탈주사-등,17,0,openai,gpt-4o-mini,227,228,13558
급여-한약제의-제형-변형에-따른-인정-범주_66aa0c83,15,0,openai,gpt-4o-mini,213,213,9799
처방별-적응증_8fb8f12c,19,0,openai,gpt-4o-mini,204,193,6292
같은-날에-2가지-이상-기준처방-동시-투약시-인정여부_97714efa,16,0,openai,gpt-4o-mini,224,271,16474
갈근탕_eaee14d3,19,0,openai,gpt-4o-mini,198,136,8556
가미소요산_b2d166d3,20,0,openai,gpt-4o-mini,246,153,10466
구미강활탕_09ddb755,22,0,openai,gpt-4o-mini,189,171,7038
갈근해기탕_144e85c0,17,0,openai,gpt-4o-mini,202,147,8843
궁소산_4f8d9169,19,0,openai,gpt-4o-mini,186,156,7214
궁하탕_01b84ec9,18,0,openai,gpt-4o-mini,198,124,9332
당귀연교음_503ee72a,18,0,openai,gpt-4o-mini,196,152,9138
당귀육황탕_ff718d31,19,0,openai,gpt-4o-mini,226,176,10542
내소산_b4d0af23,23,0,openai,gpt-4o-mini,223,178,11132
대청룡탕_e8bd6692,20,0,openai,gpt-4o-mini,226,171,8711
대황목단-피탕_c5fb32ca,20,0,openai,gpt-4o-mini,195,155,7800
대시호탕_08416897,16,0,openai,gpt-4o-mini,261,143,16118
대화중음_94c7d825,24,0,openai,gpt-4o-mini,209,199,9351
반하사심탕_f7be07c2,19,0,openai,gpt-4o-mini,233,168,9043
도인승기탕_44560768,17,0,openai,gpt-4o-mini,216,148,10379
반하백출-천마탕_032cc088,20,0,openai,gpt-4o-mini,198,176,13428
백출탕_e138c7e8,20,0,openai,gpt-4o-mini,221,156,7962
반하후박탕_191f5476,19,0,openai,gpt-4o-mini,216,154,9874
보중익기탕_fd939f40,23,0,openai,gpt-4o-mini,318,180,11163
복령보심탕_737a72be,17,0,openai,gpt-4o-mini,230,158,9182
삼소음_37185c2c,18,0,openai,gpt-4o-mini,219,134,6042
보허탕_48c313d8,19,0,openai,gpt-4o-mini,196,156,10902
불환금-정기산_605ba0f2,20,0,openai,gpt-4o-mini,211,159,9116
삼호작약탕_0cfb3f12,19,0,openai,gpt-4o-mini,244,163,5916
삼출건비탕_4f74313c,19,0,openai,gpt-4o-mini,225,166,8642
삼황사심탕_c12d3f14,19,0,openai,gpt-4o-mini,219,151,6417
승양보위탕_dbc7a65f,14,0,openai,gpt-4o-mini,236,122,4875
소시호탕-삼금탕_b641327c,24,0,openai,gpt-4o-mini,343,183,8935
생맥산_0c5c8e03,20,0,openai,gpt-4o-mini,206,151,9023
소청룡탕_7fb9e8c1,19,0,openai,gpt-4o-mini,271,139,8084
시경반하탕_8b87f771,18,0,openai,gpt-4o-mini,199,165,9438
시호계지탕_e61dfab2,17,0,openai,gpt-4o-mini,208,155,10493
안태음_9381727e,20,0,openai,gpt-4o-mini,185,167,6906
시호청간탕_b1679bde,17,0,openai,gpt-4o-mini,204,148,8510
연교패독산_5ad5319f,18,0,openai,gpt-4o-mini,187,152,8560
오림산_f7f71845,19,0,openai,gpt-4o-mini,203,151,7756
시호소간탕_cf961165,19,0,openai,gpt-4o-mini,196,169,13381
이중탕_0598d2f4,19,0,openai,gpt-4o-mini,210,140,6625
오적산_ebc297ab,19,0,openai,gpt-4o-mini,272,138,8760
이진탕_549f8fe4,19,0,openai,gpt-4o-mini,216,154,7669
청상견통탕_cfe77f65,19,0,openai,gpt-4o-mini,182,150,5393
익위승양탕_d2ab6935,19,0,openai,gpt-4o-mini,211,174,12051
인진호탕_ac5084da,20,0,openai,gpt-4o-mini,182,153,9606
조위승기탕_5998cf1d,18,0,openai,gpt-4o-mini,208,166,7593
인삼패독산_86aa9864,18,0,openai,gpt-4o-mini,199,147,11640
팔물탕_565e99e8,19,0,openai,gpt-4o-mini,227,156,4952
청서익기탕_225ecbc8,20,0,openai,gpt-4o-mini,194,155,7749
청위산_6807ee4d,20,0,openai,gpt-4o-mini,187,147,7673
행소탕산_ed4bec62,19,0,openai,gpt-4o-mini,180,146,7678
평위산_7bae6883,19,0,openai,gpt-4o-mini,234,143,11026
황련해독탕_d945f613,16,0,openai,gpt-4o-mini,219,148,6189
향사평위산_b7cb5719,19,0,openai,gpt-4o-mini,197,153,8599
황금작약탕_ffab6c81,19,0,openai,gpt-4o-mini,189,158,8349
회춘양격산_03745f4d,19,0,openai,gpt-4o-mini,209,149,7343
자음강화탕_2bd53c4f,22,0,openai,gpt-4o-mini,207,210,29702
형개연교탕_d5b87f0d,18,0,openai,gpt-4o-mini,208,148,12310
만성-호흡기-질환에-장기-투여된-macrolide-계열-제제-인정여부_2ad805ac,18,0,openai,gpt-4o-mini,247,230,10110
급성-심재성-정맥혈전증-상병에-투여하는-프라그민주의-인정기준_470af50b,17,0,openai,gpt-4o-mini,280,182,9568
류마티스질환에서-tnf-α-inhibitor-제제-품명-엔브렐주사-등를-_8c7652ca,19,0,openai,gpt-4o-mini,302,195,9096
폐계면활성제lung-surfactant-주사제의-인정기준_3ac80e59,20,0,openai,gpt-4o-mini,334,224,12901
